SKUPINA;Kat_st;Jama-ime;Jama-tip;Ndm_vis;Globina;Dolžina;T (povpr.letna) 71-2000;Količina padavin (kor.povpr.letna) 71-2000;T (povpr.letna) 81-2000;Količina padavin (kor.povpr.letna) 81-2000;Chol_STEVILO;Chol1_mm;Chol2_mm;Chol3_mm;Chol4_mm;Chol5_mm;Chol6_mm;Cara_STEVILO;Cara1_mm;Cara2_mm;Cara3_mm;Cara4_mm;Cara5_mm;;;;T (povpr.letna) 71-2000;Količina padavin (kor.povpr.letna) 71-2000
A1;1;Zlatica;4,3 - jama z občasnim tokom;1525;10;95;2-4;2600-3200;2-4;2600-3200;2;2,5;2,88;;;;;2;5,1;6,2;;;;;;;izpolniva V in B;izpolniva V in B
A1;3;Kevderca na Lubniku;5,2 - vodoravna jama;780;37;360;6-8;1800-2000;6-8;1600-1800;1;3,05;;;;;;3;6,6;5,75;3,5;;;;;;izpolniva V in B;izpolniva V in B
A1;4;Lubniška jama;5,2 - vodoravna jama;780;8;60;6-8;1800-2000;6-8;1600-1800;1;3,05;;;;;;2;6,6;5,75;;;;;;;izpolniva V in B;izpolniva V in B
A1;5;Migutovo brezno;5,2 - vodoravna jama;451;28;112;8-10;1600-1800;8-10;1600-1800;1;3,05;;;;;;1;5,55;;;;;;;;izpolniva V in B;izpolniva V in B
A1;6;Marijino brezno;4,2 - jama s stalnim tokom;423;58;450;8-10;1600-1800;8-10;1600-1800;1;3,05;;;;;;1;5,55;;;;;;;;izpolniva V in B;izpolniva V in B
A1;10;Košelevka;5,3 - brezno z jamo, jama z breznom, poševna jama, jama z etažami in brezni/več etažna jama;642;42;130;8-10;1800-2000;8-10;1600-1800;2;1,58;1,77;;;;;2;6,5;7,5;;;;;;;izpolniva V in B;izpolniva V in B
A1;12;Željnske Jame;2,1 - jama stalni ponor;475;12;1600;8-10;1500-1600;8-10;1500-1600;2;1,76;2,97;;;;;0;;;;;;;;;izpolniva V in B;izpolniva V in B
A1;17;Podpeška jama;4,2 - jama s stalnim tokom;435;20;4390;8-10;1400-1500;8-10;1500-1600;0;;;;;;;1;7,05;;;;;;;;izpolniva V in B;izpolniva V in B
A1;22;Zakrita jama;5,3 - brezno z jamo, jama z breznom, poševna jama, jama z etažami in brezni/več etažna jama;650;12;47;8-10;1800-2000;8-10;1600-1800;1;1,77;;;;;;1;7,5;;;;;;;;itd;itd
A1;25;Kompoljska jama;1,3 - jama občasni izvir ob stalnem toku;425;15;525;8-10;1400-1500;8-10;1400-1500;0;;;;;;;1;7,05;;;;;;;;;
A1;26;Jelenska jama;1,1 - jama stalni izvir;362;0;40;8-10;1600-1800;8-10;1500-1600;2;2,45;2,97;;;;;2;5,55;7,5;;;;;;;;
A1;27;Županova jama;5,3 - brezno z jamo, jama z breznom, poševna jama, jama z etažami in brezni/več etažna jama;468;70;710;8-10;1400-1500;8-10;1500-1600;1;7;;;;;;0;;;;;;;;;;
A1;28;Logarček;5,3 - brezno z jamo, jama z breznom, poševna jama, jama z etažami in brezni/več etažna jama;498;120;4888;8-10;1800-2000;8-10;1600-1800;1;1,58;;;;;;3;5,5;5,8;7,5;;;;;;;
A1;32;Tonikovo brezno;5,1 - spodmol, kevderc;399;22;51;8-10;1600-1800;8-10;1600-1800;0;;;;;;;1;7,5;;;;;;;;;
A1;33;Ledenica pod Taborom;6,2 - jama z občasnim ledom;442;26;102;8-10;1400-1500;8-10;1500-1600;2;2,03;7;;;;;0;;;;;;;;;;
A1;35;Babja luknja;1,1 - jama stalni izvir;330;18;310;8-10;1500-1600;8-10;1500-1600;1;2,93;;;;;;0;;;;;;;;;;
A1;40;Lohančevo brezno;5,3 - brezno z jamo, jama z breznom, poševna jama, jama z etažami in brezni/več etažna jama;643;36;64;8-10;1800-2000;8-10;1600-1800;0;;;;;;;1;7,5;;;;;;;;;
A1;41;Turkova jama;5,3 - brezno z jamo, jama z breznom, poševna jama, jama z etažami in brezni/več etažna jama;640;80;900;8-10;1800-2000;8-10;1600-1800;2;;;;;;;2;5,3;7,5;;;;;;;;
A1;44;Jama v Bukovju;5,3 - brezno z jamo, jama z breznom, poševna jama, jama z etažami in brezni/več etažna jama;444;15;29;8-10;1500-1600;8-10;1500-1600;1;2,97;;;;;;3;5,55;6;6,6;;;;;;;
A1;45;Tkavčja jama;5,2 - vodoravna jama;435;9;110;8-10;1400-1500;8-10;1400-1500;1;1,76;;;;;;1;7,05;;;;;;;;;
A1;46;Ihanšica;5,2 - vodoravna jama;416;7;56;8-10;1300-1400;8-10;1300-1400;2;2,97;2,5;;;;;1;5,2;;;;;;;;;
A1;52;Mačkovica;5,2 - vodoravna jama;479;45;807;8-10;1800-2000;8-10;1600-1800;3;1,58;1,86;2,97;;;;3;5,50;5,80;7,50;;;;;;;
A1;53;Skedenca nad Rajnturnom;5,2 - vodoravna jama;535;8;109;8-10;1400-1500;8-10;1500-1600;1;7,00;;;;;;0;;;;;;;;;;
A1;54;Potiskavška jama;1,3 - jama občasni izvir ob stalnem toku;420;10;340;8-10;1500-1600;8-10;1400-1500;0;;;;;;;1;5,45;;;;;;;;;
A1;65;Križna jama;4,2 - jama s stalnim tokom;629;32;8273;6-8;1600-1800;6-8;1600-1800;3;1,84;2,45;2,97;;;;2;5,75;7,25;;;;;;;;
A1;67;Trhlovca;5,2 - vodoravna jama;432;33;186;10-12;1500-1600;10-12;1500-1600;1;2,25;;;;;;0;;;;;;;;;;
A1;69;Matjaževa jama;5,2 - vodoravna jama;398;11;30;8-10;1400-1500;8-10;1400-1500;1;2,88;;;;;;0;;;;;;;;;;
A1;70;Bidovčeva luknja;5,5 - stopnjasto brezno, poševno brezno;575;21;21;8-10;1600-1800;8-10;1500-1600;1;3,39;;;;;;2;5,70;5,85;;;;;;;;
A1;72;Vratnica;2,1 - jama stalni ponor;538;15;658;8-10;1500-1600;8-10;1500-1600;1;1,76;;;;;;1;6,05;;;;;;;;;
A1;74;Krška jama;1,3 - jama občasni izvir ob stalnem toku;280;44;820;8-10;1300-1400;8-10;1300-1400;2;1,76;2,97;;;;;0;;;;;;;;;;
A1;75;Velika pasica;5,2 - vodoravna jama;700;20;126;6-8;1600-1800;8-10;1500-1600;1;2,97;;;;;;4;5,55;5,60;6,75;7,50;;;;;;
A1;76;Mala pasica;5,2 - vodoravna jama;695;10;68;6-8;1600-1800;8-10;1500-1600;1;2,97;;;;;;2;5,55;6,75;;;;;;;;
A1;77;Ledenica pri Planinci;5,3 - brezno z jamo, jama z breznom, poševna jama, jama z etažami in brezni/več etažna jama;478;70;125;8-10;1500-1600;8-10;1600-1800;1;2,97;;;;;;3;5,55;5,60;6,75;;;;;;;
A1;79;Mrzla jama pri Ložu;1,2 - jama občasni izvir, bruhalnik;601;5;143;6-8;1600-1800;8-10;1500-1600;2;1,84;2,45;;;;;1;7,25;;;;;;;;;
A1;82;Velika jama za Široko mlako;5,3 - brezno z jamo, jama z breznom, poševna jama, jama z etažami in brezni/več etažna jama;607;14;68;8-10;1600-1800;8-10;1600-1800;1;2,97;;;;;;0;;;;;;;;;;
A1;83;Mala jama za Široko mlako;5,3 - brezno z jamo, jama z breznom, poševna jama, jama z etažami in brezni/več etažna jama;610;36;54;8-10;1600-1800;8-10;1600-1800;1;2,97;;;;;;0;;;;;;;;;;
A1;86;Gradišnica;"4,4 - brezno s stalnim tokom";578;250;1170;8-10;1800-2000;8-10;1800-2000;1;2,97 ;;;;;;0;;;;;;;;;;
A1;89;Mehrerschloch;5,2 - vodoravna jama;520;12;110;8-10;1600-1800;8-10;1500-1600;1;1,76;;;;;;0;;;;;;;;;;
A1;91;Lukova jama pri Zdihovem;5,2 - vodoravna jama;526;12;174;8-10;1600-1800;8-10;1600-1800;4;1,76;2,45;7,00;5,00;;;1;6;;;;;;;;;
A1;94;"Dolga jama pri Koblarjih";"5,2 - vodoravna jama";638;17;200;6-8;1500-1600;8-10;1500-1600;3;1,76;7,00;5,00;;;;0;;;;;;;;;;
A1;95;Podtaborska jama    ;"5,2 - vodoravna jama";437;4;49;8-10;1500-1600;8-10;1400-1500;0;;;;;;;1;7,05;;;;;;;;;
A1;96;Tatrca;5,2 - vodoravna jama;440;12;109;8-10;1500-1600;8-10;1400-1500;1;1,76;;;;;;1;7,05;;;;;;;;;
A1;100;Jama pod Turkovo ogrado;5,2 - vodoravna jama;477;23;100;8-10;1800-2000;8-10;1600-1800;0;;;;;;;1;7,50;;;;;;;;;
A1;104;Velika jama nad Trebnjem;5,2 - vodoravna jama;430;16;118;8-10;1300-1400;8-10;1300-1400;2;1,76;7,00;;;;;0;;;;;;;;;;
A1;107;Jamovka;5,2 - vodoravna jama;710;10;78;6-8;1800-2000;6-8;1600-1800;1;1,58;;;;;;2;7,50;6,00;;;;;;;;
A1;108;Veliki kevder v Bukovju;5,3 - brezno z jamo, jama z breznom, poševna jama, jama z etažami in brezni/več etažna jama;502;38;330;8-10;1400-1500;8-10;1500-1600;2;1,76;7,00;;;;;0;;;;;;;;;;
A1;111;Černičkova jama;4,6 - brezno vodokaz;200;21;105;8-10;1300-1400;10-12;1300-1400;1;1,76;;;;;;0;;;;;;;;;;
A1;120;Jama v Kofcah;4,2 - jama s stalnim tokom;1535;102;1090;2-4;1800-2000;4-6;1800-2000;1;2,97;;;;;;0;;;;;;;;;;
A1;121;Velika Veternica;6,1 - jama s stalnim ledom;1602;30;70;2-4;1800-2000;4-6;2000-2600;1;2,97;;;;;;0;;;;;;;;;;
A2;124;Brezno ob Lovretovi poti;5,2-vodoravna jama;524;12;61;8-10;2000-2600;8-10;2000-2600;0;;;;;;;1;7,5;;;;;;;;;
A2;125;Tomaženčkov brezen;5,3-brezno z jamo, jama z breznom, poševna jama, jama z etažami in brezni/več etažna jama;550;8;38;8-10;2000-2600;8-10;2000-2600;0;;;;;;;1;7,5;;;;;;;;;
A2;129;Jama pod Babjim zobom;5,2-Vodoravna jama;992;50;359;6-8;2000-2600;6-8;1800-2000;1;2,5;;;;;;1;5,7;;;;;;;;;
A2;130;Knežja jama pri Mali gori;5,2- vodoravna jama;620;18;72;8-10;1500-1600;8-10;1400-1500;2;1,76;5;;;;;0;;;;;;;;;;
A2;132;Mežnarjevo brezno;5,3- brezno z jamo, jama z breznom, poševna jama, jama z etažami in brezni/ več etažna jama;650;13;26;6-8;1600-1800;8-10;1500-1600;2;1,84;2,45;;;;;0;;;;;;;;;;
A2;141;Jama treh bratov pri Kočevju;5,2- vodoravna jama;900;45;180;6-8;1600-1800;6-8;1600-1800;4;1,76;2,97;5,5;7;;;1;6;;;;;;;;;
A2;142;Ledena jama v Fridrihštanjskem gozdu;6,1- jama s stalnim ledom;845;105;180;6-8;1600-1800;6-8;1600-1800;2;5,5;7;;;;;0;;;;;;;;;;
A2;143;Eleonorina jama;5,2- vodoravna jama;955;25;130;6-8;1800-2000;6-8;1600-1800;4;1,76;2,97;5;7;;;1;6;;;;;;;;;
A2;147;Jama Koliševka;5,3- breznoz jamo, jama z breznom, poševna jama, jama z etažami in brezni/ več etažna jama;565;29;246;8-10;1800-2000;8-10;1600-1800;1;2,97;;;;;;0;;;;;;;;;;
A2;151;Štupnikova lisična;5,1- spodmol, kevderc;315;2;20;8-10;1300-1400;8-10;1400-1500;1;1,76;;;;;;0;;;;;;;;;;
A2;157;Mohoričev hram;5,3- brezno z jamo, jama z breznom, poševna jama, jama z etažami in brezni/ več etažna jama;683;27;64;8-10;2000-2600;8-10;2000-2600;0;;;;;;;1;7,5;;;;;;;;;
A2;158;Jama pod Vrhgriškim vrhom;5,3- brezno z jamo, jama z breznom, poševna jama, jama z etažami in brezni/ več etažna jama;660;12;47;8-10;2000-2600;8-10;2000-2600;0;;;;;;;2;5,55;6;;;;;;;;
A2;163;Koprivnica;5,3- brezno z jamo, jama z breznom, poševna jama, jama z etažami in brezni/ več etažna jama;343;19;100;8-10;1300-1400;8-10;1300-1400;2;1,76;7;;;;;0;;;;;;;;;;
A2;175;Brezno nad Retovjem;5,3- brezno z jamo z breznom, poševna jama, jama z etažami in brezni/ več etažna jama;390;25;50;8-10;1600-1800;8-10;1600-1800;1;1,77;;;;;;1;7,5;;;;;;;;;
A2;190;Jaklovec;1,1-jama stalni izvir;405;5;20;8-10;1500-1600;8-10;1500-1600;1;2,97;;;;;;1;5,55;;;;;;;;;
A2;191;Srednji kevderc v Bukovju;5,3- brezno z jamo, jama z breznom, poševna jama, jama z etažami in brezni/ več etažna jama;510;9;60;8-10;1400-1500;8-10;1500-1600;1;7;;;;;;0;;;;;;;;;;
A2;217;Zidanica na Rašici;5,2- vodoravna jama;490;0;25;8-10;1400-1500;8-10;1400-1500;1;2,97;;;;;;0;;;;;;;;;;
A2;218;Markonova jama;5,3-brezno z jamo, jama z breznom, poševna jama, jama z etažami in brezni/več etažna jama;480;13;27;8-10;1400-1500;8-10;1400-1500;0;;;;;;;1;5,95;;;;;;;;;
A2;234;Turkovo brezno;5,3 - brezno z jamo, jama z breznom, poševna jama, jama z etažami in brezni/več etažna jama;595;92;918;6-8;1600-1800;8-10;1600-1800;1;2,88;;;;;;1;5,70;;;;;;;;;
A2;236;Veliki zjot;5,3 - brezno z jamo, jama z breznom, poševna jama, jama z etažami in brezni/več etažna jama;406;22;76;8-10;1400-1500;8-10;1300-1400;2;1,76;7,00;;;;;0;;;;;;;;;;
A2;240;Štinetova jama;5,2 - vodoravna jama;395;5;52;8-10;1600-1800;8-10;1500-1600;1;3,05;;;;;;2;5,30;5,55;;;;;;;;
A2;254;Kurent;5,3 - brezno z jamo, jama z breznom, poševna jama, jama z etažami in brezni/več etažna jama;700;14;21;6-8;1800-2000;6-8;1600-1800;1;1,58;;;;;;1;7,50;;;;;;;;;
A2;256;Guštinov kevdrc;5,1 - spodmol, kevderc;627;8;25;8-10;1600-1800;8-10;1600-1800;2;1,58;1,86;;;;;1;7,50;;;;;;;;;
A2;259;Najdena jama;4,2 - jama s stalnim tokom;517;121;5216;8-10;1800-2000;8-10;1600-1800;1;1,58;;;;;;2;5,80;7,50;;;;;;;;
A2;260;Jama v Ivljah;5,1 - spodmol, kevderc;920;3;9;6-8;2000-2600;6-8;1800-2000;0;;;;;;;1;5,10;;;;;;;;;
A2;261;Pesjakov buden;1,2 - jama občasni izvir, bruhalnik;740;8;30;6-8;2000-2600;6-8;1800-2000;3;2,50;2,88;3,01;;;;2;5,10;5,60;;;;;;;;
A2;262;Divja jama v Zamelšah;1,2 - jama občasni izvir, bruhalnik;395;18;80;8-10;1600-1800;8-10;1500-1600;1;2,97;;;;;;1;6,60;;;;;;;;;
A2;265;Brezno v Lozi;5,3 - brezno z jamo, jama z breznom, poševna jama, jama z etažami in brezni/več etažna jama;575;44;50;8-10;1800-2000;8-10;1600-1800;2;1,90;2,97;;;;;0;;;;;;;;;;
A2;266;Tomažinov brezen;5,2 - vodoravna jama;547;21;266;8-10;2000-2600;8-10;2000-2600;1;1,77;;;;;;1;7,50;;;;;;;;;
A2;267;Jurčkov brezen;5,2 - vodoravna jama;567;15;221;8-10;2000-2600;8-10;2000-2600;0;;;;;;;1;7,50;;;;;;;;;
A2;271;Ovčarski spodmol v Krkurjevcu;5,2 - vodoravna jama;560;8;89;8-10;1800-2000;8-10;1600-1800;2;1,90;2,97;;;;;0;;;;;;;;;;
A2;289;Povlačeva jama;5,2 - vodoravna jama;588;9;24;8-10;1800-2000;8-10;1800-2000;1;1,58;;;;;;0;;;;;;;;;;
A2;291;Šimenkova jama;4,5 - brezno z občasnim tokom;425;104;920;8-10;1300-1400;8-10;1300-1400;1;7,00;;;;;;0;;;;;;;;;;
A2;311;Lipiška jama;5,3 - brezno z jamo, jama z breznom, poševna jama, jama z etažami in brezni/več etažna jama;397;250;1400;10-12;1500-1600;10-12;1500-1600;1;2,25;;;;;;0;;;;;;;;;;
A2;325;Benkotova jama;5,3 - brezno z jamo, jama z breznom, poševna jama, jama z etažami in brezni/več etažna jama;528;5;20;8-10;1500-1600;8-10;1500-1600;1;2,97;;;;;;1;6,75;;;;;;;;;
A3;336;Riharjev kogel;4,2- jama s stalnim tokom;500;3;40;8-10;1600-1800;8-10;1600-1800;1;2,97;;;;;;1;6,60;;;;;;;;;
A3;353;Brezno na Skedenici;5,3 - brezno z jamo, jama z breznom, poševna jama, jama z etažami in brezni/več etažna jama;706;45;180;6-8;1600-1800;8-10;1600-1800;1;2,97;;;;;;1;5,55;;;;;;;;;
A3;358;Jama pri Riži;5,3 - brezno z jamo, jama z breznom, poševna jama, jama z etažami in brezni/več etažna jama;849;45;100;6-8;1600-1800;6-8;1600-1800;1;2,97;;;;;;3;5,55;5,60;6,75;;;;;;;
A3;362;Godobolska jama;5,3 - brezno z jamo, jama z breznom, poševna jama, jama z etažami in brezni/več etažna jama;629;48;25;8-10;1800-2000;8-10;1800-2000;1;1,58;;;;;;1;7,50;;;;;;;;;
A3;363;Dolga jama;5,2 - vodoravna jama;340;9;46;8-10;1300-1400;10-12;1300-1400;2;2,50;2,97;;;;;1;5,20;;;;;;;;;
A3;365;Jelenca jama;5,1 - spodmol, kevderc;449;4;34;8-10;1500-1600;8-10;1500-1600;1;2,97;;;;;;0;;;;;;;;;;
A3;366;Jama 1 v Jurcetovih Percah;5,1 - spodmol, kevderc;450;5;10;8-10;1500-1600;8-10;1500-1600;1;2,93;;;;;;1;6,60;;;;;;;;;
A3;368;Jama na prevalu pod planino Viševnik;5,6 - poševno in stopnjasto brezno;1675;17;17;2-4;2600-3200;2-4;2600-3200;1;2,50;;;;;;1;5,1;;;;;;;;;
A3;369;Tular;1,1 - jama stalni izvir;357;7;55;8-10;1500-1600;8-10;1400-1500;0;;;;;;;1;5,30;;;;;;;;;
A3;371;Raja peč;1,3 - jama občasni izvir ob stalnem toku;254;5;170;8-10;1200-1300;10-12;1100-1200;1;2,10;;;;;;1;5,00;;;;;;;;;
A3;374;Jama na Grivi;5,1 - spodmol, kevderc;1670;2;10;2-4;2600-3200;2-4;2600-3200;2;2,50;2,88;;;;;1;5,1;;;;;;;;;
A3;378;Gabrovška jama;5,3 - brezno z jamo, jama z breznom, poševna jama, jama z etažami in brezni/več etažna jama;685;28;92;6-8;1800-2000;8-10;1600-1800;1;1,58;;;;;;1;7,50;;;;;;;;;
A3;379;Jama v Strašilu;4,3 - jama z občasnim tokom;969;68;245;4-6;2000-2600;6-8;2000-2600;1;2,50;;;;;;1;5,80;;;;;;;;;
A3;380;Jama pod Studorjem;5,3- brezno z jamo, jama z breznom,poševna jama,jama z etažami in brezni/ več etažna jama;730;20;50;6-8;2000-2600;6-8;2000-2600;0;;;;;;;1;5,80;;;;;;;;;
A3;383;Jama pri gozdarski koči na Opatovi gori;5,1 - spodmol, kevderc;616;5;27;8-10;1400-1500;8-10;1200-1300;1;1,99;;;;;;1;5,55;;;;;;;;;
A3;385;Stričanica;5,1- spodmol, kevderc;791;34;73;8-10;1500-1600;8-10;1200-1300;1;1,99;;;;;;1;5,55;;;;;;;;;
A3;386;Gipsova jama;5,2 - vodoravna jama;431;6;43;8-10;1600-1800;8-10;1600-1800;2;3,05;3,05;;;;;1;5,5;;;;;;;;;
A3;389;Lisičja jama v Arto grabnu;5,1- spodmol, kevderc;214;3;26;8-10;1200-1300;10-12;1200-1300;1;2,10;;;;;;1;5,00;;;;;;;;;
A3;390;Ajdovska peč pri Studencu;1,3 - jama občasni izvir ob stalnem toku;285;7;80;8-10;1200-1300;10-12;1200-1300;1;2,10;;;;;;2;5,00;5,75;;;;;;;;
A3;392;Melinca jama;5,3- brezno z jamo, jama z breznom,poševna jama,jama z etažami in brezni/ več etažna jama;615;39;131;8-10;1500-1600;8-10;1500-1600;1;2,97;;;;;;0;;;;;;;;;;
A3;395;Častitljiva luknja;5,2- vodoravna jama;600;3;25;6-8;1800-2000;6-8;1600-1800;2;2,50;2,88;;;;;4;5,10;5,60;5,70;5,85;;;;;;
A3;397;Jama pri Lipniški skali;5,1- spodmol, kevderc;465;6;31;8-10;1600-1800;8-10;1500-1600;1;3,21;;;;;;0;;;;;;;;;;
A3;399;Pečuje;5,1- spodmol, kevderc;495;2;27;8-10;1300-1400;8-10;1300-1400;1;1,76;;;;;;0;;;;;;;;;;
A3;400;Ledena jama pri Ograji;6,2- jama z občasnim ledom;503;49;119;8-10;1600-1800;8-10;1600-1800;1;5,00;;;;;;0;;;;;;;;;;
A3;413;Huda luknja pri Gornjem doliču;1,1- jama stalni izvir;508;119;2862;8-10;1300-1400;8-10;1200-1300;1;2,20;;;;;;0;;;;;;;;;;
A3;416;Malo Brezarjevo brezno;5,6- poševno in stopnjasto brezno;354;27;27;8-10;1500-1600;8-10;1400-1500;1;2,97;;;;;;0;;;;;;;;;;
A3;417;Ajdovska jama pri Nemški vasi;5,1- spodmol, kevderc;230;5;62;8-10;1200-1300;10-12;1200-1300;1;2,10;;;;;;0;;;;;;;;;;
A3;426;Jama ob cesti Jama- Lešče;5,3- brezno z jamo, jama z breznom,poševna jama, jama z etažami in brezni/več etažna jama;248;20;68;8-10;1300-1400;8-10;1300-1400;2;1,76;5,00;;;;;0;;;;;;;;;;
A3;439;Štavka;5,3- brezno z jamo, jama z breznom,poševna jama, jama z etažami in brezni, več etažna jama;405;13;58;8-10;1400-1500;8-10;1400-1500;1;1,76;;;;;;0;;;;;;;;;;
A3;465;Rački pekel;5,2- vodoravna jama;590;10;38;6-8;1600-1800;6-8;1600-1800;1;2,97;;;;;;0;;;;;;;;;;
A3;466;Erjavčeva jama;"4,2- jama s stalnim tokom;5,3- brezno z jamo, jama z breznom,poševna jama, jama z etažami in brezni/večetažna jama";720;91;599;6-8;1600-1800;6-8;1600-1800;1;2,97;;;;;;1;6,50;;;;;;;;;
A3;467;Trbiška zijalka;5,2- vodoravna jama;600;99;1112;6-8;1600-1800;6-8;1600-1800;1;2,97;;;;;;4;5,50;6,50;9,00;10,00;;;;;;
A3;468;Vračka zijalka;5,2- vodoravna jama;589;20;81;8-10;1400-1500;8-10;1400-1500;1;2,97;;;;;;4;4,50;6,50;8,50;9,25;;;;;;
A3;469;Spodnja stopenca;5,1- spodmol, kevderc;279;22;101;10-12;1200-1300;10-12;1100-1200;1;2,10;;;;;;0;;;;;;;;;;
A3;471;Črna jama;4,2- jama s stalnim tokom;530;39;3294;8-10;1800-2000;8-10;1800-2000;3;1,58;2,45;2,97;;;;2;6,05;6,50;;;;;;;;
A4;472;Pivka jama;4,2 - jama s stalnim tokom;539,8;77;5766;8-10;1800-2000;8-10;1800-2000;2;2,45;2,97;;;;;1;5,9;;;;;;;;10,9;
A4;473;betalov spodmol;5,2  - vodoravna jama;532;4;174;8-10;1800-2000;8-10;1600-1800;1;1,86;;;;;;0;;;;;;;;;10,9;
A4;475;drskovška golobina;5,3  - brezno z jamo, jama z  breznom, poševna jama, jamaz etažami in brezni/več etažna jama;564;17;107;8-10;1600-1800;8-10;1600-1800;1;1,8;;;;;;0;;;;;;;;;10,9;
A4;478;huda luknja pri letušu;5,2 - vodoravna jama;325;8;40;8-10;1300-1400;8-10;1300-1400;0;;;;;;;1;4,5;;;;;;;;12,1;
A4;479;lesjakova štabirnica;5,3 - brazno z jamo, jama z breznom, poševna jama, jama z etažami in brezni/več etažna jama;642;17;26;8-10;1400-1500;8-10;1400-1500;1;2,97;;;;;;4;4,5;6,5;8,5;9,25;;;;;12,1;
A4;480;Žrelo nad Radno;5,1 - spodmol, kevderc;240;4;13;10-12;1200-1300;10-12;1100-1200;1;2,1;;;;;;1;5;;;;;;;;11,8;
A4;482;Škadavnica;5,2 - vodoravna jama;491;16;41;8-10;1400-1500;8-10;1400-1500;1;2,97;;;;;;1;4,5;;;;;;;;10,2;
A4;483;Jerekov brlog;5,2 - vodoravna jama;753;15;90;6-8;1500-1600;6-8;1500-1600;1;2,97;;;;;;3;4,5;8;8,5;;;;;;10,2;
A4;484;Krapljetova jama;5,2 - vodoravna jama;854;17;68;6-8;1500-1600;8-10;1500-1600;1;2,97;;;;;;3;4,5;8;8,5;;;;;;10,2;
A4;486;Covška prepad;5,6 - poševno in stopnjasto brezno;758;31;71;6-8;1400-1500;8-10;1400-1500;2;2,2;2,97;;;;;1;4,5;;;;;;;;10,2;
A4;487;Habečkov brezen;5,4 - brezno;668;476;1402;8-10;2000-2600;8-10;2000-2600;1;1,77;;;;;;0;;;;;;;;;8,2;
A4;488;Golobeja jama;5,3 - brazno z jamo, jama z breznom, poševna jama, jama z etažami in brezni/več etažna jama;660;33;92;8-10;2000-2600;8-10;2000-2600;1;3,65;;;;;;3;5,55;6;7,5;;;;;;8,2;
A4;492;Požiralnik 1 v Škofovem lomu;2,2 - jama občasni ponor;443;28;158;8-10;1800-2000;8-10;1600-1800;0;;;;;;;1;5,8;;;;;;;;11,2;
A4;493;Ciganska jama pri Predgrižah;5,3 - brazno z jamo, jama z breznom, poševna jama, jama z etažami in brezni/več etažna jama;681;91;227;8-10;2000-2600;8-10;2000-2600;2;1,77;2,97;;;;;3;5,55;6;7,5;;;;;;8,2;
A4;496;Lomski brlog;5,2 - vodoravna jama;750;6;34;6-8;1400-1500;8-10;1400-1500;1;2,97;;;;;;0;;;;;;;;;10,2;
A4;502;Štabirnica;5,2 - vodoravna jama;1004;13;66;6-8;1500-1600;6-8;1500-1600;1;2,97;;;;;;0;;;;;;;;;10,2;
A4;505;Urhova jama;5,6 - poševno in stopnjasto brezno;465;17;17;8-10;1600-1800;8-10;1400-1500;1;2,95;;;;;;0;;;;;;;;;(cerklje na gorenjskem) 4.8;
A4;509;Špehovka;5,2 - vodoravna jama;637;7;91;8-10;1300-1400;8-10;1200-1300;1;2,2;;;;;;0;;;;;;;;;10,2;
A4;513;Farška jama;5,3 - brezno z jamo, jama z breznom, poševna jama, jama z etažami in brezni/več etažna jama;670;20;54;6-8;1600-1800;6-8;1600-1800;2;1,84;2,45;;;;;1;7,25;;;;;;;;;
A4;516;Pistišekova povšna;4,2 - jama s stalnim tokom ;385;26;140;8-10;1200-1300;8-10;1100-1200;1;2,5;;;;;;0;;;;;;;;;;
A4;517;Levakova jama;1,3 - jama občasni izvir ob stalnem toku;208;20;350;10-12;1200-1300;10-12;1200-1300;1;1,99;;;;;;0;;;;;;;;;;
A4;518;Kostanjeviška jama;4,3 - jama z občasnim tokom;170;47;1871;10-12;1200-1300;10-12;1200-1300;1;1,99;;;;;;1;5,55;;;;;;;;;
A4;520;Pilanca;5,3 - brezno z jamo, jama z breznom, poševna jama, jama z etažami in brezni/več etažna jama;646;56;252;8-10;1300-1400;8-10;1200-1300;1;2,2;;;;;;0;;;;;;;;;;
A4;521;Jama pod južnim vrhom Tisnika;5,2 - vodoravna jama;728;1;25;8-10;1300-1400;8-10;1200-1300;1;2,2;;;;;;0;;;;;;;;;;
A4;522;Jama nad požiralnikom Ponikve;4,3 - jama z občasnim tokom in 5,2 - vodoravna jama;592;43;357;8-10;1300-1400;8-10;1200-1300;1;2,2;;;;;;0;;;;;;;;;;
A4;525;Kevderc pri Planinci;5,3 - brezno z jamo, jama z breznom, poševna jama, jama z etažami in brezni/več etažna jama;560;4;66;8-10;1600-1800;8-10;1600-1800;1;2,97;;;;;;3;5,55;5,6;6,75;;;;;;;
A4;529;Jama treh bratov pri Verdrengu;5,3 - brezno z jamo, jama z breznom, poševna jama, jama z etažami in brezni/več etažna jama;400;38;262;8-10;1600-1800;8-10;1600-1800;2;1,76;7;;;;;0;;;;;;;;;;
A4;534;Svinjska jama pri Dolenji vasi;4,2 - jama s stalnim tokom;575;42;436;8-10;1800-2000;8-10;1600-1800;1;1,76;;;;;;1;6,5;;;;;;;;;
A4;538;Jazbina nad Ložem;5,3 - brezno z jamo, jama z breznom, poševna jama, jama z etažami in brezni/več etažna jama;635;30;40;6-8;1600-1800;8-10;1500-1600;1;1,84;;;;;;1;7,25;;;;;;;;;
A4;539;Veternica;2,2 - jama občasni ponor;365;38;608;8-10;1400-1500;8-10;1400-1500;1;2,97;;;;;;1;4,5;;;;;;;;;
A4;541;Jama pri Sv. Treh Kraljih;5,3 - brezno z jamo, jama z breznom, poševna jama, jama z etažami in brezni/več etažna jama;815;70;769;6-8;2000-2600;8-10;1800-2000;1;2,97;;;;;;1;5,55;;;;;;;;;
A4;548;Šimnova jama;4,2 - jama s stalnim tokom;797;153;2054;6-8;1800-2000;6-8;1800-2000;1;2,5;;;;;;1;5,1;;;;;;;;;
A4;550;Golobina 1 ob poti v Lozo;5,3 - brezno z jamo, jama z breznom, poševna jama, jama z etažami in brezni/več etažna jama;632;23;66;8-10;1800-2000;8-10;1600-1800;1;1,9;;;;;;0;;;;;;;;;;
A4;551;Golobina 2 ob poti v Lozo ;5,3 - brezno z jamo, jama z breznom, poševna jama, jama z etažami in brezni/ več etažna jama;632;20;107;8-10;1800-2000;8-10;1600-1800;0;;;;;;;2;6,5;6,1;;;;;;;;
A4;554;Jama 1 pri jamah za lesom;5,5 - stopnjasto brezno, poševno brezno;870;6;6;8-10;2000-2600;8-10;2000-2600;1;2,83;;;;;;1;7,2;;;;;;;;;
A5;555;Jama 2 pri jamah za lesom;5,5 - stopnjasto brezno, poševno brezno;870;8;10;8-10;2000-2600;8-10;2000-2600;0;;;;;;;1;7,20;;;;;;;;12,6;
A5;556;Brezen 4 pri Rijavcih;5,3 - brezno z jamo, jama z breznom, poševna jama, jama z etažami in brezni/več etažna jama;851;13;40;8-10;2000-2600;8-10;2000-2600;1;2,83;;;;;;2;5,55;7,20;;;;;;;12,6;
A5;561;Kebrova luknja;5,5 - stopnjasto brezno, poševno brezno;1410;132;177;4-6;1600-1800;4-6;1500-1600;1;2,97;;;;;;0;;;;;;;;;9,7;
A5;571;Viršnica;2,3 - jama občasni ponor ob stalnem toku;348;60;2796;8-10;1300-1400;8-10;1400-1500;2;1,76;7,00;;;;;0;;;;;;;;;9,6;
A5;576;Zelške jame;5,4 - brezno, 1,1 - jama stalni izvir;506;160;7338;8-10;1800-2000;8-10;1600-1800;0;;;;;;;1;6,50;;;;;;;;7,6;
A5;586;Jama na Kravjeku;5,3 - brezno z jamo, jama z breznom, poševna jama, jama z etažami in brezni/več etažna jama;475;25;38;8-10;1500-1600;8-10;1600-1800;1;2,93;;;;;;0;;;;;;;;;9,2;
A5;591;Jama s tremi vhodi, Brezno na Pečani, Spodnja snežnica ob poti na Pečno;5,2 - vodoravna jama;1395;7;30;2-4;2000-2600;4-6;2000-2600;2;2,50;3,65;;;;;1;6,30;;;;;;;;8,1;
A5;596;Snežno brezno pri Pečani;6,4 - brezno s stalnim ledom;1460;5;6;2-4;2000-2600;2-4;2000-2600;1;2,50;;;;;;1;6,30;;;;;;;;8,1;
A5;600;Francetovo brezence;5,3 - brezno z jamo, jama z breznom, poševna jama, jama z etažami in brezni/več etažna jama;679;26;38;6-8;1800-2000;6-8;1600-1800;1;1,58;;;;;;0;;;;;;;;;7,6;
A5;602;Ulenca;5,3 - brezno z jamo, jama z breznom, poševna jama, jama z etažami in brezni/več etažna jama;856;47;70;6-8;1800-2000;6-8;1600-1800;1;2,97;;;;;;2;6,15;7,50;;;;;;;7,6;
A5;628;Anžetova jama, onesnažena;5,3 - brezno z jamo, jama z breznom, poševna jama, jama z etažami in brezni/več etažna jama;1029;10;37;6-8;1800-2000;6-8;1600-1800;2;1,86;2,45;;;;;1;6,15;;;;;;;;7,6;
A5;629;Bohkovo brezno;5,2 - vodoravna jama;417;11;36;8-10;1600-1800;8-10;1600-1800;1;3,05;;;;;;0;;;;;;;;;8,8;
A5;632;Bilpa 3;5,3 - brezno z jamo, jama z breznom, poševna jama, jama z etažami in brezni/več etažna jama;241;60;134;8-10;1600-1800;10-12;1600-1800;1;1,76;;;;;;0;;;;;;;;;8,7;
A5;633;Jama v Štegini;5,1 - spodmol, kevderc;269;5;40;8-10;1200-1300;10-12;1200-1300;1;2,10;;;;;;1;5,00;5,60;;;;;;;9,5;
A5;634;Potočka zijalka;5,2 - vodoravna jama;1630;21;108;2-4;1600-1800;2-4;1600-1800;1;2,97;;;;;;0;;;;;;;;; 3,3 (Uršlja Gora);
A5;635;Macesnikova zijalka;5,2 - vodoravna jama;1380;5;60;2-4;1600-1800;4-6;1600-1800;1;2,97;;;;;;0;;;;;;;;;3,3;
A5;638;Snežna jama pod Gostečnikovim stanom;6,1 - jama s stalnim ledom;1480;6;11;4-6;1600-1800;4-6;1500-1600;2;2,20;2,97;;;;;0;;;;;;;;;9,7;
A5;642;Jama za križem;5,2 - vodoravna jama;1450;10;30;4-6;2600-3200;4-6;2600-3200;4;2,50;2,88;3,37;3,48;;;1;6,20;;;;;;;;;
A5;643;Jama na južnem pobočju Pršivca;5,2 - vodoravna jama;1570;5;40;4-6;2600-3200;4-6;2600-3200;1;2,50;;;;;;1;5,10;;;;;;;;;
A5;644;Jama za Vahtam;5,2 - vodoravna jama;1420;10;34;4-6;2600-3200;4-6;2600-3200;2;2,50;2,88;;;;;1;6,20;;;;;;;;;
A5;647;Ledena jama 3 na južni strani Studorja;6,4 - brezno s stalnim ledom;1614;60;60;2-4;2600-3200;2-4;2600-3200;1;2,50;;;;;;0;;;;;;;;;;
A5;657;Lenarčičeva jama 1;5,1 - spodmol, kevderc;600;11;30;8-10;1600-1800;8-10;1600-1800;2;1,77;2,97;;;;;0;;;;;;;;;;
A5;666;Velika Knežja jama;5,3 - brezno z jamo, jama z breznom, poševna jama, jama z etažami in brezni/več etažna jama;630;33;164;8-10;1500-1600;8-10;1500-1600;2;1,76;5,00;;;;;0;;;;;;;;;;
A5;667;Mala Knežja jama;5,3 - brezno z jamo, jama z breznom, poševna jama, jama z etažami in brezni/več etažna jama;635;15;40;8-10;1500-1600;8-10;1500-1600;3;1,76;2,97;5,00;;;;0;;;;;;;;;;
A5;669;Ledena jama pri Kunču;6,1 - jama s stalnim ledom;768;42;81;6-8;1500-1600;8-10;1500-1600;5;1,76;2,97;5,00;5,50;7,00;;0;;;;;;;;;;
A5;671;Jama v Sopoti;5,3 - brezno z jamo, jama z breznom, poševna jama, jama z etažami in brezni/več etažna jama;555;10;33;8-10;1800-2000;8-10;1800-2000;0;;;;;;;1;6,00;;;;;;;;;
A5;672;Matjaževe kamre;5,4 - brezno;550;14;300;8-10;1800-2000;8-10;1800-2000;1;2,97;;;;;;2;5,95;6,00;;;;;;;;
A5;680;Dolga cerkev;5,3 - brezno z jamo, jama z breznom, poševna jama, jama z etažami in brezni/več etažna jama;470;11;31;8-10;1300-1400;8-10;1300-1400;1;2,50;;;;;;1;5,20;;;;;;;;;
A5;730;Jama pri Ferdrengu;5,5 - stopnjasto brezno, poševno brezno;520;14;42;8-10;1600-1800;8-10;1600-1800;1;5,00;;;;;;0;;;;;;;;;;
A5;733;Kozja jama;5,3 - brezno z jamo, jama z breznom, poševna jama, jama z etažami in brezni/več etažna jama;800;26;104;6-8;2000-2600;8-10;2000-2600;2;1,58;1,77;;;;;1;7,50;;;;;;;;;
A5;734;Predjamski sistem;"4,2 - jama s stalnim tokom; 5,4 - brezno";491;168;13877;8-10;1800-2000;8-10;1800-2000;3;1,58;1,73;2,97;;;;3;6,05;6,80;7,50;;;;;;;
A5;735;Škocjanske jame;"2,1 - jama stalni ponor; 5,4 - brezno";271;254;6474;10-12;1500-1600;10-12;1500-1600;2;2,25;2,97;;;;;1;6,05;;;;;;;;;
A5;736;Dimnice;"4,2 - jama s stalnim tokom; 5,4 - brezno";565;134;6020;8-10;1600-1800;10-12;1600-1800;0;;;;;;;1;6,05;;;;;;;;;
A5;737;Vilenica;5,3 - brezno z jamo, jama z breznom, poševna jama, jama z etažami in brezni/več etažna jama;418;190;841;10-12;1500-1600;10-12;1500-1600;2;2,45;2,97;;;;;1;5,55;;;;;;;;;
A5;741;Divaška jama;5,3 - brezno z jamo, jama z breznom, poševna jama, jama z etažami in brezni/več etažna jama;430;89;682;10-12;1500-1600;10-12;1500-1600;1;2,25;;;;;;0;;;;;;;;;;
A6;742;Velika ledena jama v Paradani;"5,6 - poševno in stopnjasto brezno; 6,1 - jama s stalnim ledom";1135;858;7311;6-8;2600-3200;6-8;2600-3200;4;3,25;3,65;5,83;6,00;;;3;5,55;6,05;6,60;;;;;;8,2;
A6;743;Volčja jama;5,3 - brezno z jamo, jama z breznom, poševna jama, jama z etažami in brezni/več etažna jama;1057;60;250;6-8;2000-2600;6-8;2000-2600;6;1,58;1,73;2,97;3,25;5,83;6,00;1;6,8;;;;;;;;10,9;
A6;744;Beloglavka;5,3 - brezno z jamo, jama z breznom, poševna jama, jama z etažami in brezni/več etažna jama;560;58;344;8-10;1800-2000;8-10;1800-2000;1;1,86;;;;;;2;6,50;6,80;;;;;;;10,9;
A6;747;Postojnska jama;"5,4 - brezno; 2,3 - jama občasni ponor ob stalnem toku";530;115;24120;8-10;1800-2000;8-10;1600-1800;3;1,58;2,45;2,97;;;;1;6,05;;;;;;;;10,9;
A6;748;Planinska jama;"5,4 - brezno; 1,1 - jama stalni izvir";453;65;6859;8-10;1800-2000;8-10;1800-2000;3;1,86;2,45;2,97;;;;2;5,50;6,05;;;;;;;10,9;
A6;749;Osojca;"5,2 - vodoravna jama; 2,2 - jama občasni ponor";529;0;65;8-10;1800-2000;8-10;1800-2000;2;2,45;2,97;;;;;0;;;;;;;;;10,9;
A6;750;Mala ledena jama v Paradani;6,4 - brezno s stalnim ledom;1143;69;69;6-8;2000-2600;6-8;2600-3200;2;3,65;6,00;;;;;0;;;;;;;;;8,2;
A6;751;Ledenica pri Dolu;"5,3 - brezno z jamo, jama z breznom, poševna jama, jama z etažami in brezni/več etažna jama; 6,2 - jama z občasnim ledom";995;80;180;6-8;2000-2600;6-8;2000-2600;5;1,77;2,83;3,25;3,65;6,00;;4;5,9;6,05;6,6;7,20;;;;;8,2;
A6;752;Tekavča jama;5,3 - brezno z jamo, jama z breznom, poševna jama, jama z etažami in brezni/več etažna jama;635;8;80;6-8;1600-1800;8-10;1500-1600;0;;;;;;;1;7,25;;;;;;;;9,3;
A6;753;Golobinka pri Borovnici;"4,3 - jama z občasnim tokom; 5,2 - vodoravna jama";700;67;204;6-8;1600-1800;8-10;1600-1800;1;2,97;;;;;;2;5,55;6,75;;;;;;;10,9;
A6;754;Zgornja Tomičeva jama;5,3 - brezno z jamo, jama z breznom, poševna jama, jama z etažami in brezni/več etažna jama;445;9;28;8-10;1300-1400;8-10;1300-1400;1;2,50;;;;;;0;;;;;;;;;12,5;
A6;755;"Oprešnikova jama
";5,6 - poševno in stopnjasto brezno;350;15;19;8-10;1300-1400;8-10;1300-1400;1;2,10;;;;;;1;5,20;;;;;;;;12,5;
A6;756;Studenška jama;1,1 - jama stalni izvir;316;2;46;8-10;1300-1400;10-12;1300-1400;0;;;;;;;1;5,20;;;;;;;;12,5;
A6;757;Boštonova jama;5,3 - brezno z jamo, jama z breznom, poševna jama, jama z etažami in brezni/več etažna jama;325;10;30;8-10;1300-1400;10-12;1300-1400;1;2,10;;;;;;1;5,20;;;;;;;;12,5;
A6;758;Lovrišnikova jama;5,2 - vodoravna jama;480;2;12;8-10;1300-1400;8-10;1300-1400;2;1,80;2,10;;;;;0;;;;;;;;;12,5;
A6;759;Jama v Kalah;5,3 - brezno z jamo, jama z breznom, poševna jama, jama z etažami in brezni/več etažna jama;620;12;21;8-10;1300-1400;8-10;1300-1400;1;2,50;;;;;;0;;;;;;;;;12,5;
A6;760;Stara jama;1,2 - jama občasni izvir, bruhalnik;366;0;18;8-10;1300-1400;8-10;1300-1400;1;2,50;;;;;;1;5,20;;;;;;;;12,5;
A6;763;Arneževa luknja;5,2 - vodoravna jama;480;13;815;8-10;1500-1600;8-10;1400-1500;1;2,95;;;;;;2;5,30;5,30;;;;;;;10,5;
A6;765;Velika Lebinca;1,1 - jama stalni izvir;421;37;567;8-10;1500-1600;8-10;1400-1500;1;2,95;;;;;;1;5,7;;;;;;;;10,5;
A6;769;Boltačeva jama;5,1 - spodmol, kevderc;463;4;13;8-10;1300-1400;8-10;1300-1400;1;2,1;;;;;;0;;;;;;;;;12,5;
A6;770;Čajžova jama;5,1 - spodmol, kevderc;475;5;10;8-10;1300-1400;8-10;1300-1400;1;2,1;;;;;;0;;;;;;;;;12,5;
A6;772;Sovenca v Globočici;5,3 - brezno z jamo, jama z breznom, poševna jama, jama z etažami in brezni/več etažna jama;410;12;17;8-10;1300-1400;8-10;1300-1400;1;2,1;;;;;;0;;;;;;;;;12,5;
A6;773;Severjevo brezno;5,5 - stopnjasto brezno, poševno brezno;490;10;10;8-10;1300-1400;8-10;1300-1400;1;2,1;;;;;;1;5,2;;;;;;;;12,5;
A6;776;"Mačkovec";5,3 - brezno z jamo, jama z breznom, poševna jama, jama z etažami in brezni/več etažna jama;450;20;69;8-10;1300-1400;8-10;1300-1400;1;2,1;;;;;;1;5,2;;;;;;;;12,5;
A6;778;Požiralnik 2 v Škofovem lomu;2,2 - jama občasni ponor;441;11;66;8-10;1800-2000;8-10;1600-1800;0;;;;;;;1;5,8;;;;;;;;10,7;
A6;779;Otoška jama;4,2 - jama s stalnim tokom;531;25;631;8-10;1800-2000;8-10;1600-1800;2;1,58;2,45;;;;;0;;;;;;;;;10,8;
A6;781;Ledena jama pod Magdaleno goro;5,3 - brezno z jamo, jama z breznom, poševna jama, jama z etažami in brezni/več etažna jama;573;25;632;8-10;1800-2000;8-10;1800-2000;1;2,97;;;;;;0;;;;;;;;;9,1;
A6;782;Bošnarjev brezen;5,3 - brezno z jamo, jama z breznom, poševna jama, jama z etažami in brezni/več etažna jama;895;46;102;6-8;2000-2600;8-10;2000-2600;1;2,83;;;;;;2;5,55;7,2;;;;;;;8;
A6;783;Ledenica v Globoščaku;5,1 - spodmol, kevderc;532;56;130;8-10;1800-2000;8-10;1600-1800;1;2,45;;;;;;0;;;;;;;;;9,1;
A6;784;Markova jama;5,2 - vodoravna jama;470;20;30;8-10;1800-2000;8-10;1800-2000;1;2,97;;;;;;0;;;;;;;;;11,3;
A6;795;Konečka Otlica;5,2 - vodoravna jama;745;12;30;6-8;1400-1500;6-8;1400-1500;1;2,97;;;;;;0;;;;;;;;;10,2;
A6;804;Zadlaška jama;5,2 - vodoravna jama;298;25;241;10-12;2000-2600;10-12;2000-2600;0;;;;;;;2;5,7;5,5;;;;;;;9,9;
A6;805;Zidanica v Žlebeh;1,1 -  jama stalni izvir;468;10;39;8-10;2000-2600;8-10;2000-2600;1;2,8;;;;;;0;;;;;;;;;8;
A6;806;Krasnica;4,3;460;26;197;8-10;2000-2600;8-10;2000-2600;2;3,6;2,8;;;;;1;6;;;;;;;;8;
A6;817;Jama v Globinah;5,3-  in  2,2;783;52;192;6-8;2000-2600;8-10;2000-2600;1;2,97;;;;;;2;5,55;6,6;;;;;;;10,7;
B1;820;Magdalena jama;4,2 - jama s stalnim lokom;561;89;1395;8-10;1800-2000;8-10;1800-2000;1;2,97;;;;;;1;6,5;;;;;;;;;
B1;821;Turjeva jama;5,2 - vodoravna jama;253;47;498;10-12;2600-3200;10-12;2600-3200;1;3,32;;;;;;4;4,2;5,6;5,95;6,15;;;;;;
B1;822;Snežna jama nad Svinsko planino;6,6 - brezno s snegom;1275;10;15;4-6;2600-3200;6-8;2600-3200;1;3,32;;;;;;0;;;;;;;;;;
B1;823;Jama pod Smoganico;1,1 - jama stalni izvir;505;15;600;8-10;2000-2600;10-12;2000-2600;0;;;;;;;2;4,9;6,45;;;;;;;;
B1;825;Snežnica pri Kaninski koči;6,3 - jama s snegom;1811;6;8;2-4;3200-4000;2-4;3200-4000;1;5,9;;;;;;2;2,68;3,48;;;;;;;;
B1;828;Divja jama nad Plavmi;5,3 - brezno z jamo, jama z breznom, poševna jama z etažami in brezni/več etažna jama // 4,1 - jama z bazeni nakapane vode;308;35;125;10-12;2000-2600;10-12;2000-2600;0;;;;;;;1;7,6;;;;;;;;;
B1;831;Grdanji skedenj;5,1 - spodmol, kevderc;487;15;51;8-10;1400-1500;8-10;1400-1500;1;1,76;;;;;;0;;;;;;;;;;
B1;832;Jama pri Radohi;5,6 - poševno in stopnjasto brezno;476;41;80;8-10;1400-1500;8-10;1300-1400;1;5;;;;;;0;;;;;;;;;;
B1;835;Jama nad rudnikom Pri Štolnu;4,2 - jama s stalnim tokom;1250;199;685;4-6;2600-3200;4-6;2600-3200;1;3,32;;;;;;1;6,1;;;;;;;;;
B1;836;Jama v rudniku Pri Štolnu;5,3 - brezno z jamo, jama z breznom, poševna jama, jama z etažami in brezni/več etažna jama;1235;29;805;4-6;2600-3200;4-6;2600-3200;1;3,32;;;;;;1;6,1;;;;;;;;;
B1;841;Pršlanova jama;5,3 - brezno z jamo, jama z breznom, poševna jama, jama z etažami in brezni/več etažna jama;215;111;238;12-14;1500-1600;12-14;1400-1500;1;2,25;;;;;;0;;;;;;;;;;
B1;848;Velika Kozinska jama;5,6 - poševno in stopnjasto brezno;482;113;665;10-12;1500-1600;10-12;1500-1600;1;2,25;;;;;;0;;;;;;;;;;
B1;878;Markov spodmol;2.3 - jama občasni ponor ob stalnem toku;556;61;868;8-10;1800-2000;8-10;1600-1800;2;1,9;2,45;;;;;2;6,1;6,5;;;;;;;;
B1;881;Medvednjak;5,3 - brezno z jamo, jama z breznom, poševna jama, jama z etažami in brezni/več etažna jama;520;129;1092;10-12;1500-1600;10-12;1500-1600;1;1,9;;;;;;0;;;;;;;;;;
B1;889;Ovčja jama;5,2 - vodoravna jama;595;1;29;8-10;1800-2000;8-10;1600-1800;1;2,97;;;;;;0;;;;;;;;;;
B1;891;Curka jama;5,2 - vodoravna jama;550;10;106;8-10;1800-2000;8-10;1600-1800;1;2,45;;;;;;2;5,9;6,5;;;;;;;;
B1;892;Bruhalnik pri Mrzli jami pri Prestranku;1,2 - jama občasni izvir, bruhalnik;532;2;30;8-10;1800-2000;8-10;1600-1800;1;2,45;;;;;;0;;;;;;;;;;
B1;894;Brezno pri Pretrti jami;5,6 - poševno in stopnjasto brezno;590;20;50;8-10;1800-2000;8-10;1600-1800;2;2,54;2,97;;;;;1;6,5;;;;;;;;;
B1;896;Polšja jama ;5,3 - brezno z jamo;595;18;86;8-10;1800-2000;8-10;1600-1800;1;2,45;;;;;;2;5,9;6,5;;;;;;;;
B1;897;Jama Sv. Janeza pri Prestranku;5,3 - brezno z jamo;590;10;71;8-10;1800-2000;8-10;1600-1800;1;2,97;;;;;;2;5,9;6,5;;;;;;;;
B1;898;Spodmol pri jami Sv. Janeza;5,1 - spodmol, kevderc;595;1;14;8-10;1800-2000;8-10;1600-1800;1;2,25;;;;;;0;;;;;;;;;;
B1;899;Strmi spodmol;5,3 - brezno z jamo;595;12;23;8-10;1800-2000;8-10;1600-1800;1;2,97;;;;;;0;;;;;;;;;;
B1;902;Košanski spodmol;5,3 - brezno z jamo;579;60;170;8-10;1800-2000;8-10;1600-1800;1;2,97;;;;;;0;;;;;;;;;;
B1;903;Ponikve pri Sajevčah;2,1 - jama stalni ponor;563;11;292;8-10;1800-2000;8-10;1600-1800;1;1,9;;;;;;0;;;;;;;;;;
B1;910;Golobinja 2 za Ostrim vrhom;5,3 - brezno z jamo;620;46;111;8-10;1800-2000;8-10;1600-1800;1;2,45;;;;;;0;;;;;;;;;;
B1;911;Vodna jama v Lozi;4,2 - jama s stalnim tokom;560;75;7748;8-10;1800-2000;8-10;1600-1800;2;1,9;2,97;;;;;0;;;;;;;;;;
B1;918;Mala jama 1 pri Prestranku;5,3 - brezno z jamo;580;10;22;8-10;1800-2000;8-10;1600-1800;1;2,45;;;;;;1;6,5;;;;;;;;;
B1;920;Ledenica pod Hrušico;5,5 - stopnjasto brezno, poševno brezno;750;30;58;6-8;2000-2600;8-10;2000-2600;1;1,73;;;;;;1;6,8;;;;;;;;;
B1;921;Suho brezno pri Mali Lazni;5,5 - stopnjasto brezno, poševno brezno;1110;155;226;6-8;2000-2600;6-8;2600-3200;0;;;;;;;2;5,55;6,6;;;;;;;;
B1;922;Jama pri Mali ledenici v Paradani;5,3 - brezno z jamo;1132;25;235;6-8;2600-3200;6-8;2600-3200;3;3,25;3,65;6;;;;2;5,55;6,05;;;;;;;;
B1;923;Ogrizkov spodmol;5,3 - brezno z jamo;568;14;145;8-10;1800-2000;8-10;1600-1800;1;1,9;;;;;;3;4,25;6,1;6,5;;;;;;;
B1;924;Županov spodmol;5,2 - vodoravna jama;575;9;93;8-10;1800-2000;8-10;1600-1800;1;1,9;;;;;;0;;;;;;;;;;
B1;925;Konjska jama;5,3 - brezno z jamo;615;36;137;8-10;1800-2000;8-10;1600-1800;1;2,97;;;;;;2;5,9;6,5;;;;;;;;
B1;928;Jama Sv. Petra;5,3 - brezno z jamo;612;44;220;8-10;1800-2000;8-10;1600-1800;1;2,45;;;;;;1;6,5;;;;;;;;;
B1;929;Jernejeva jama;5,2 - vodoravna jama;610;9;63;8-10;1800-2000;8-10;1600-1800;2;2,45;2,97;;;;;0;;;;;;;;;;
B2;937;Brezno na Zgornji Lenčajski cesti;5,6 - poševno in stopnjasto brezno;1226;184;244;4-6;2000-2600;4-6;2000-2600;1;5;;;;;;0;;;;;;;;;;
B2;938;Polina peč;5,2 - vodoravna jama;566;38;365;8-10;1600-1800;8-10;1600-1800;0;;;;;;;1;5,65;;;;;;;;;
B2;941;Jabčina;5,2 - vodoravna jama;585;8;107;8-10;1600-1800;8-10;1600-1800;0;;;;;;;1;5,65;;;;;;;;;
B2;942;Račiška pečina;5,2 - vodoravna jama;599;29;304;8-10;1600-1800;8-10;1600-1800;1;1,90;;;;;;0;;;;;;;;;;
B2;944;Pečinka;5,3 - brezno z jamo, jama z breznom, poševna jama, jama z etažami in brezni/več etažna jama;285;22;180;10-12;1600-1800;12-14;1500-1600;1;2,45;;;;;;0;;;;;;;;;;
B2;946;Valska jama;5,3 - brezno z jamo, jama z breznom, poševna jama, jama z etažami in brezni/več etažna jama;86;52;210;12-14;1400-1500;12-14;1400-1500;1;2,25;;;;;;2;4,25;4,30;;;;;;;;
B2;947;Vodnica;5,2 - vodoravna jama;244;21;193;12-14;1400-1500;12-14;1400-1500;1;2,25;;;;;;0;;;;;;;;;;
B2;948;Jama v doktorjevi ogradi;5,3 - brezno z jamo, jama z breznom, poševna jama, jama z etažami in brezni/več etažna jama;269;27;150;10-12;1500-1600;12-14;1400-1500;1;2,25;;;;;;0;;;;;;;;;;
B2;949;Pečina pod Medvejkom;5,2 - vodoravna jama;344;18;70;10-12;1500-1600;10-12;1400-1500;1;2,25;;;;;;0;;;;;;;;;;
B2;950;Belinca jama;5,3 - brezno z jamo, jama z breznom, poševna jama, jama z etažami in brezni/več etažna jama;380;28;260;10-12;1500-1600;10-12;1500-1600;1;2,25;;;;;;0;;;;;;;;;;
B2;951;Velbenca;5,6 - poševno in stopnjasto brezno;363;48;63;10-12;1400-1500;10-12;1400-1500;1;2,25;;;;;;0;;;;;;;;;;
B2;952;Petnjak;5,3 - brezno z jamo, jama z breznom, poševna jama, jama z etažami in brezni/več etažna jama;515;102;285;8-10;1600-1800;10-12;1500-1600;3;1,90;2,45;2,97;;;;1;5,95;;;;;;;;;
B2;953;Čebarnica;5,6 - poševno in stopnjasto brezno;330;85;100;10-12;1600-1800;10-12;1400-1500;1;2,25;;;;;;0;;;;;;;;;;
B2;954;Jeriševa jama;5,6 - poševno in stopnjasto brezno;345;87;106;10-12;1600-1800;10-12;1400-1500;1;2,25;;;;;;0;;;;;;;;;;
B2;955;Kačna jama;4,2 - jama s stalnim tokom;435;280;15181;10-12;1500-1600;10-12;1500-1600;1;2,25;;;;;;2;5,95;6,05;;;;;;;;
B2;956;Neverški spodmol;5,3 - brezno z jamo, jama z breznom, poševna jama, jama z etažami in brezni/več etažna jama;595;83;230;8-10;1600-1800;8-10;1600-1800;3;1,90;2,45;2,97;;;;1;5,55;;;;;;;;;
B2;957;Zavinka jama;5,3 - brezno z jamo, jama z breznom, poševna jama, jama z etažami in brezni/več etažna jama;645;58;190;8-10;1800-2000;8-10;1600-1800;2;1,90;2,45;;;;;0;;;;;;;;;;
B2;958;Gabranca;5,3 - brezno z jamo, jama z breznom, poševna jama, jama z etažami in brezni/več etažna jama;414;212;380;8-10;1600-1800;10-12;1500-1600;2;1,90;2,45;;;;;1;6,10;;;;;;;;;
B2;960;Žegnana jama;5,3 - brezno z jamo, jama z breznom, poševna jama, jama z etažami in brezni/več etažna jama;590;62;492;8-10;1800-2000;8-10;1600-1800;3;1,90;2,45;2,97;;;;3;5,90;6,05;6,50;;;;;;;
B2;961;Pivka jama pri Orehku;5,3 - brezno z jamo, jama z breznom, poševna jama, jama z etažami in brezni/več etažna jama;590;28;115;8-10;1800-2000;8-10;1600-1800;1;2,97;;;;;;2;5,90;6,50;;;;;;;;
B2;963;Martinova jama pri Materiji;5,3 - brezno z jamo, jama z breznom, poševna jama, jama z etažami in brezni/več etažna jama;563;49;242;8-10;1500-1600;10-12;1500-1600;1;2,25;;;;;;0;;;;;;;;;;
B2;965;Ulica Pečina;5,2 - vodoravna jama;580;27;118;8-10;1600-1800;8-10;1600-1800;1;2,25;;;;;;1;5,65;;;;;;;;;
B2;966;Finkova jama 1;5,2 - vodoravna jama;580;5;25;6-8;1500-1600;8-10;1500-1600;2;1,76;5,0;;;;;0;;;;;;;;;;
B2;968;Brezno pri Krnici;5,6 - poševno in stopnjasto brezno;952;85;115;6-8;2000-2600;6-8;2000-2600;0;;;;;;;2;5,50;6,60;;;;;;;;
B2;969;Mesarjevo brezno;5,3 - brezno z jamo, jama z breznom, poševna jama, jama z etažami in brezni/več etažna jama;622;65;113;8-10;2000-2600;8-10;1800-2000;2;1,77;1,84;;;;;2;5,55;7,50;;;;;;;;
B2;971;Cikova jama;5,3 - brezno z jamo, jama z breznom, poševna jama, jama z etažami in brezni/več etažna jama;510;100;300;10-12;1500-1600;10-12;1500-1600;0;;;;;;;2;5,95;6,05;;;;;;;;
B2;973;Zimčeva jama;5,6 - poševno in stopnjasto brezno;217;33;42;12-14;1500-1600;12-14;1400-1500;0;;;;;;;2;4,25;4,30;;;;;;;;
B2;974;Jelenca;5,6 - poševno in stopnjasto brezno;270;74;177;10-12;1500-1600;10-12;1400-1500;1;2,25;;;;;;0;;;;;;;;;;
B2;975;Brezno pri Fortunčevi planini;5,5 - stopnjasto brezno, poševno brezno;870;0;0;6-8;2000-2600;6-8;1800-2000;1;2,50;;;;;;0;;;;;;;;;;
B2;976;Snežna jama na Obranci;6,1 - jama s stalnim ledom;1109;20;72;4-6;2000-2600;4-6;1800-2000;2;2,50;2,88;;;;;1;5,85;;;;;;;;;
B2;977;Brlovka;5,3 - brezno z jamo, jama z breznom, poševna jama, jama z etažami in brezni/več etažna jama;613;61;112;8-10;1800-2000;8-10;1600-1800;2;2,97;3,25;;;;;2;5,90;6,50;;;;;;;;
B2;983;Jama v Štrfu;5,1 - spodmol, kevderc;1254;7;45;4-6;2000-2600;4-6;2000-2600;2;1,88;5;;;;;0;;;;;;;;;;
B2;993;Blatna jama na Zgornji Lenčajski cesti;5,2 - vodoravna jama;1200;15;94;4-6;2000-2600;4-6;2000-2600;4;1,76;1,88;2,97;5;;;0;;;;;;;;;;
B2;1008;Jama pod cesto;5,2 - vodoravna jama;577;19;105;8-10;1800-2000;8-10;1600-1800;1;1,76;;;;;;0;;;;;;;;;;
B2;1012;Lenčkova jama;5,3 - brezno z jamo, jama z breznom, poševna jama, jama z etažami in brezni/več etažna jama;635;94;959;8-10;2000-2600;8-10;1800-2000;1;1,58;;;;;;1;7,5;;;;;;;;;
B3;1015;Jama za Ravnicami;5,3 - brezno z jamo, jama z breznom, poševna jama, jama z etažami in brezni/več etažna jama;625;22;65;8-10;1800-2000;8-10;1800-2000;1;1,73;;;;;;1;7,5;;;;;;;;10.085;
B3;1023;Jama pod Gavgami;5,3 - brezno z jamo, jama z breznom, poševna jama, jama z etažami in brezni/več etažna jama;487;72;315;10-12;1500-1600;10-12;1500-1600;1;2,25;;;;;;0;;;;;;;;;12.285;
B3;1032;Klet;5,3 - brezno z jamo, jama z breznom, poševna jama, jama z etažami in brezni/več etažna jama;1375;5;20;4-6;2600-3200;6-8;2600-3200;1;3,32;;;;;;0;;;;;;;;;-0,445;
B3;1035;Kavkna jama;4,3 - jama z občasnim tokom, 5,4 - brezno;1360;12;45;4-6;2600-3200;6-8;2600-3200;0;;;;;;;1;6,15;;;;;;;;-0,445;
B3;1036;Mohorica;5,3 - brezno z jamo, jama z breznom, poševna jama, jama z etažami in brezni/več etažna jama;660;46;140;8-10;1800-2000;8-10;1600-1800;0;;;;;;;1;6,5;;;;;;;;10.085;
B3;1037;Pekel 1 pri Ponikvah;5,3 - brezno z jamo, jama z breznom, poševna jama, jama z etažami in brezni/več etažna jama;635;35;50;8-10;1800-2000;8-10;1600-1800;2;2,45;2,97;;;;;0;;;;;;;;;10.085;
B3;1038;Pekel 2 pri Ponikvah;5,3 - brezno z jamo, jama z breznom, poševna jama, jama z etažami in brezni/več etažna jama;635;28;70;8-10;1800-2000;8-10;1600-1800;1;2,45;;;;;;0;;;;;;;;;10.085;
B3;1039;Jama v podorni vrtači pri Prestranku;5,3 - brezno z jamo, jama z breznom, poševna jama, jama z etažami in brezni/več etažna jama;569;6;62;8-10;1800-2000;8-10;1600-1800;1;2,97;;;;;;0;;;;;;;;;10.085;
B3;1051;Brezno pri Turenču;5,5 - stopnjasto brezno, poševno brezno;580;13;19;8-10;1800-2000;8-10;1600-1800;1;2,45;;;;;;0;;;;;;;;;10.085;
B3;1055;Slugova jama;5,2 - vodoravna jama;210;13;116;8-10;1200-1300;10-12;1300-1400;1;5;;;;;;0;;;;;;;;;11.295;
B3;1057;Tončkova povšna;5,6 - poševno in stopnjasto brezno;290;45;45;8-10;1300-1400;10-12;1300-1400;1;5;;;;;;0;;;;;;;;;11.295;
B3;1073;Spodmol pri podorni vrtači;5,1 - spodmol, kevderc;570;7;7;8-10;1800-2000;8-10;1600-1800;1;2,45;;;;;;0;;;;;;;;;10.085;
B3;1074;Markandelov spodmol;5,3 - brezno z jamo, jama z breznom, poševna jama, jama z etažami in brezni/več etažna jama;575;14;59;8-10;1800-2000;8-10;1600-1800;2;1,9;2,97;;;;;0;;;;;;;;;10.085;
B3;1075;Dacarjevo brezno;4,4 - brezno s stalnim tokom;590;19;307;8-10;1600-1800;8-10;1400-1500;0;;;;;;;2;5,3;;;;;;;;9.539;
B3;1080;Bruhalnik pred Markovim spodmolom;1,7 - brezno občasni izvir ob stalnem toku;560;15;21;8-10;1800-2000;8-10;1600-1800;0;;;;;;;3;5,9;6,1;6,5;;;;;;10.085;
B3;1086;Fantovska jama;5,1 - spodmol, kevderc;630;4;16;8-10;1300-1400;8-10;1300-1400;1;2,35;;;;;;0;;;;;;;;;10.100;
B3;1087;Ajdovska jama;5,2 - vodoravna jama;615;14;36;8-10;1300-1400;8-10;1300-1400;1;2,35;;;;;;0;;;;;;;;;10.100;
B3;1089;Javorska jama;1,1 - jama stalni izvir;640;4;36;8-10;1300-1400;8-10;1200-1300;0;;;;;;;1;5;;;;;;;;10.100;
B3;1092;Jama pri Jazbinah;5,3 - brezno z jamo, jama z breznom, poševna jama, jama z etažami in brezni/več etažna jama;680;36;66;8-10;1300-1400;8-10;1200-1300;0;;;;;;;1;4,5;;;;;;;;10.100;
B3;1094;Jama na Prevali 1;5,3 - brezno z jamo, jama z breznom, poševna jama, jama z etažami in brezni/več etažna jama;450;57;60;10-12;1500-1600;10-12;1500-1600;2;1,9;2,25;;;;;0;;;;;;;;;10.085;
B3;1132;Brimšca;5,3 - brezno z jamo, jama z breznom, poševna jama, jama z etažami in brezni/več etažna jama;542;100;160;10-12;1500-1600;10-12;1500-1600;1;2,25;;;;;;0;;;;;;;;;10.950;
B3;1142;Štefakova pečina;5,2 - vodoravna jama;540;22;128;8-10;1500-1600;10-12;1500-1600;1;2,25;;;;;;0;;;;;;;;;10.950;
B3;1155;Jama v Gaberju;5,5 - stopnjasto brezno, poševno brezno;530;20;20;10-12;1500-1600;10-12;1500-1600;1;2,25;;;;;;0;;;;;;;;;10.950;
B3;1157;Sveta jama;4,2 - jama s stalnim tokom;418;44;231;10-12;1300-1400;10-12;1300-1400;1;2,45;;;;;;0;;;;;;;;;13.990;
B3;1167;Jama nad Šinkovičevo žago;4,2 - jama s stalnim tokom;376;22;85;8-10;2000-2600;8-10;2000-2600;1;1,77;;;;;;0;;;;;;;;;9.605;
B3;1220;Ledena jama v Smrekovem žlebu;6,2 - jama z občasnim ledom;980;17;25;6-8;1800-2000;6-8;1600-1800;1;5,5;;;;;;0;;;;;;;;;9.445;
B3;1241;Konasnica;5,2 - vodoravna jama;1035;29;210;4-6;2000-2600;6-8;1800-2000;2;2,5;2,88;;;;;2;4,15;5,7;;;;;;;8.234;
B3;1254;Snežna jama na planini Arto;5,3 - brezno z jamo, jama z breznom, poševna jama, jama z etažami in brezni/več etažna jama/ 6,1 -jama s stalnim ledom;1504;75;1327;2-4;1800-2000;2-4;1600-1800;3;2,2;2,97;3,83;;;;1;5,73;;;;;;;;6.204;
B3;1255;Snežnica na Raduhi;5,3 - brezno z jamo, jama z breznom, poševna jama, jama z etažami in brezni/več etažna jama;1630;177;300;2-4;1600-1800;2-4;1600-1800;0;;;;;;;1;5,73;;;;;;;;6.204;
B3;1258;Žagarska zijalka;5,3 - brezno z jamo, jama z breznom, poševna jama, jama z etažami in brezni/več etažna jama;960;60;100;6-8;1600-1800;6-8;1800-2000;0;;;;;;;1;5,73;;;;;;;;6.204;
B3;1270;Mali džot;5,2 - vodoravna jama;165;3;25;10-12;1300-1400;10-12;1300-1400;1;2,45;;;;;;0;;;;;;;;;11.720;
B3;1272;Zjot v Sebetihu;5,6 - poševno in stopnjasto brezno;445;92;120;8-10;1400-1500;8-10;1400-1500;2;1,76;5;;;;;0;;;;;;;;;11.720;
B3;1301;Ledena jama;5,5 - stopnjasto brezno, poševno brezno;710;41;41;6-8;1500-1600;8-10;1500-1600;2;1,76;2,97;;;;;0;;;;;;;;;11.295;
B3;1366;Zijavka;5,3 - brezno z jamo, jama z breznom, poševna jama, jama z etažami in brezni/več etažna jama;540;90;191;8-10;1400-1500;8-10;1400-1500;2;1,76;7;;;;;0;;;;;;;;;10.100;
B3;1518;Rožička jama;5,3 - brezno z jamo, jama z breznom, poševna jama, jama z etažami in brezni/več etažna jama;705;58;80;8-10;2000-2600;8-10;2000-2600;1;1,73;;;;;;2;6,8;7,5;;;;;;;10.085;
B4;1521;Brezen za Hramom;5,3 - brezno z jamo, jama z breznom, poševna jama, jama z etažami in brezni/več etažna jama;688;19;102;8-10;2000-2600;8-10;1800-2000;1;1,73;;;;;;2;6,8;7,5;;;;;;;;
B4;1524;Šmihelske ponikve;2,1;590;5;97;8-10;2000-2600;8-10;1800-2000;1;1,73;;;;;;1;6,05;;;;;;;;;
B4;1525;Stranske ponikve;2,1;608;30;132;8-10;2000-2600;8-10;1800-2000;0;;;;;;;1;6,8;;;;;;;;;
B4;1527;Urški spodmol;5,3;638;10;40;8-10;1600-1800;8-10;1600-1800;1;1,88;;;;;;0;;;;;;;;;;
B4;1545;Krhnetova polšna;5,6;370;16;18;8-10;1300-1400;8-10;1300-1400;1;5,00;;;;;;0;;;;;;;;;;
B4;1562;Ovčarski spodmol pri Orehku;5,3;660;7;28;8-10;1800-2000;8-10;1600-1800;1;2,97;;;;;;0;;;;;;;;;;
B4;1568;Jama 2 ob Košanski poti;5,3;570;17;58;8-10;1800-2000;8-10;1600-1800;1;1,90;2,97;;;;;0;;;;;;;;;;
B4;1608;Kotova jama;5,3;587;45;190;8-10;1800-2000;8-10;1800-2000;2;1,58;2,97;;;;;0;;;;;;;;;;
B4;1629;Medvedja jama;5,3;580;28;122;8-10;1800-2000;8-10;1800-2000;1;1,58;;;;;;0;;;;;;;;;;
B4;1659;Jama v lozi pri Orehku;5,3;570;27;74;8-10;1800-2000;8-10;1600-1800;2;2,45;2,97;;;;;2;5,9;6,5;;;;;;;;
B4;1676;Jama ob poti na Komno;5,2;1305;3;17;4-6;2600-3200;4-6;3200-4000;0;;;;;;;1;5,35;;;;;;;;;
B4;1741;Jama za Hramom;5,3;658;10;25;8-10;2000-2600;8-10;1800-2000;1;1,73;;;;;;1;6,80;;;;;;;;;
B4;1757;Lešanov brezen;5,6;587;85;57;8-10;2000-2600;8-10;1800-2000;0;;;;;;;1;7,50;;;;;;;;;
B4;1761;Revenov brezen;5,3;624;1236;95;8-10;2000-2600;8-10;2000-2600;0;;;;;;;2;5,55;6;;;;;;;;
B4;1765;Krištofov brezen;5,5;580;29;29;8-10;2000-2600;8-10;2000-2600;0;;;;;;;1;7,5;;;;;;;;;
B4;1769;Kmetova jama;5,3;570;7;15;8-10;2000-2600;8-10;1800-2000;1;2,97;;;;;;0;;;;;;;;;;
B4;1806;Mausarjeva jama;5,3;416;9;9;8-10;1300-1400;8-10;1300-1400;1;2,45;;;;;;0;;;;;;;;;;
B4;1824;Pugljevo brezno;5,6;800;107;142;6-8;1500-1600;6-8;1400-1500;1;5,00;;;;;;0;;;;;;;;;;
B4;1827;Snežnica pod Korenom;6,6;1881;11;25;2-4;2000-2600;2-4;2000-2600;0;;;;;;;1;6,09;;;;;;;;;
B4;1955;Čukova jama;5,6 - poševno in stopnjasto brezno;352;250;431;10-12;1500-1600;10-12;1400-1500;1;2,25;;;;;;0;;;;;;;;;;
B4;2000;Anžetova jama;5,3 - brezno z jamo, jama z breznom, poševna jama, jama z etažami in brezni/več etažna jama;592;82;220;8-10;1800-2000;8-10;1600-1800;1;1,76;;;;;;0;;;;;;;;;;
B4;2041;Jama za Hudim lazom 1;5,3 - brezno z jamo, jama z breznom, poševna jama, jama z etažami in brezni/več etažna jama;490;6;32;8-10;1600-1800;8-10;1600-1800;1;2,97;;;;;;0;;;;;;;;;;
B4;2044;Jama pod vrhom Lubnika;5,2 - vodoravna jama;1010;2;9;6-8;1800-2000;6-8;1600-1800;1;3,05;;;;;;3;3,50;5,75;6,60;;;;;;;
B4;2059;Božakovska jama;1,1 - jama stalni izvir;147;3;155;10-12;1100-1200;10-12;1200-1300;1;2,45;;;;;;0;;;;;;;;;;
B4;2062;Slugov brezen;5,4 - brezno;440;41;123;8-10;1600-1800;8-10;1600-1800;1;2,69;;;;;;0;;;;;;;;;;
B4;2075;Brezno ob cesti Laze-Logatec;5,3 - brezno z jamo, jama z breznom, poševna jama, jama z etažami in brezni/več etažna jama;331;21;82;8-10;1800-2000;8-10;1600-1800;1;1,58;;;;;;1;7,50;;;;;;;;;
B4;2100;Brezen v Jelenjah;;1115;54;110;4-6;2000-2600;6-8;2000-2600;1;2,97;;;;;;0;;;;;;;;;;
B4;2122;Gredelca;5,3 - brezno z jamo, jama z breznom, poševna jama, jama z etažami in brezni/več etažna jama;540;26;46;8-10;1500-1600;8-10;1500-1600;1;1,84;;;;;;0;;;;;;;;;;
B4;2191;Skednevnica;5,2 - vodoravna jama;520;12;70;8-10;1400-1500;8-10;1500-1600;1;1,76;;;;;;0;;;;;;;;;;
B4;2205;Jama blizu Mrzle jame pri Ložu;5,3 - brezno z jamo, jama z breznom, poševna jama, jama z etažami in brezni/več etažna jama;615;3;25;6-8;1600-1800;8-10;1500-1600;1;1,84;;;;;;0;;;;;;;;;;
B4;2217;Jama na Raduhi;5,2 - vodoravna jama;1886;6;15;2-4;1800-2000;2-4;1600-1800;1;2,97;;;;;;0;;;;;;;;;;
B4;2298;Brezno na Murnovem;5,3 - brezno z jamo, jama z breznom, poševna jama, jama z etažami in brezni/več etažna jama;1050;20;55;4-6;1800-2000;4-6;1800-2000;1;2,97;;;;;;0;;;;;;;;;;
B4;2299;Jama na Babi;5,3 - brezno z jamo, jama z breznom, poševna jama, jama z etažami in brezni/več etažna jama;1100;12;65;4-6;1800-2000;4-6;1800-2000;1;2,97;;;;;;0;;;;;;;;;;
B4;2313;Jama v Adamičevem talu;5,1 - spodmol, kevderc;416;9;35;8-10;1300-1400;8-10;1400-1500;1;1,76;;;;;;0;;;;;;;;;;
B4;2327;Jama 2 na Jurcetovih Percah;5,3 - brezno z jamo, jama z breznom, poševna jama, jama z etažami in brezni/več etažna jama;408;24;42;8-10;1500-1600;8-10;1500-1600;1;2,93;;;;;;1;6,60;;;;;;;;;
B5;2330;Brezno pri Medvedovi konti;5,3 - brezno z jamo, jama z breznom, poševna jama, jama z etažami in brezni/več etažna jama;1397;142;152;2-4;2000-2600;4-6;2000-2600;0;;;;;;;1;5,85;;;;;;;;;
B5;2336;Podmol pri Zavinki jami;5,1 - spodmol, kevderc;650;2;8;8-10;1800-2000;8-10;1600-1800;1;1,90;;;;;;0;;;;;;;;;;
B5;2409;Trontljevo brezno;5,3 - brezno z jamo, jama z breznom, poševna jama, jama z etažami in brezni/več etažna jama;423;32;107;8-10;1400-1500;8-10;1500-1600;1;7,00;;;;;;0;;;;;;;;;;
B5;2490;Logaška jama;5,3 - brezno z jamo, jama z breznom, poševna jama, jama z etažami in brezni/več etažna jama;513;62;450;8-10;1800-2000;8-10;1600-1800;1;1,77;;;;;;1;7,50;;;;;;;;;
B5;2503;Korančevka;5,2 - vodoravna jama;1010;10;54;4-6;1500-1600;4-6;1600-1800;1;2,97;;;;;;0;;;;;;;;;;
B5;2553;Vdamčeva jama;5,6 - poševno in stopnjasto brezno;500;35;35;8-10;1300-1400;8-10;1300-1400;1;2,50;;;;;;1;5,20;;;;;;;;;
B5;2558;Zvezdica;5,3 - brezno z jamo, jama z breznom, poševna jama, jama z etažami in brezni/več etažna jama;766;45;80;6-8;1600-1800;6-8;1600-1800;3;1,76;5,00;7,00;;;;0;;;;;;;;;;
B5;2566;Prepadna jama;5,3 - brezno z jamo, jama z breznom, poševna jama, jama z etažami in brezni/več etažna jama;514;151;1557;8-10;1600-1800;8-10;1600-1800;1;5,00;;;;;;0;;;;;;;;;;
B5;2610;F 8 (Kanin);5,6 - poševno in stopnjasto brezno;1690;18;18;2-4;3200-4000;2-4;3200-4000;1;3,32;;;;;;0;;;;;;;;;;
B5;2678;Železna jama;5,3 - brezno z jamo, jama z breznom, poševna jama, jama z etažami in brezni/več etažna jama;344;26;86;8-10;1300-1400;8-10;1300-1400;1;2,50;;;;;;1;5,20;;;;;;;;;
B5;2701;Jama severno od ledenika;5,3 - brezno z jamo, jama z breznom, poševna jama, jama z etažami in brezni/več etažna jama;940;75;185;6-8;1600-1800;6-8;1600-1800;4;1,76;5,00;5,50;7,00;;;1;6,00;;;;;;;;;
B5;2741;Črna jama pri Črnem Potoku;5,3 - brezno z jamo, jama z breznom, poševna jama, jama z etažami in brezni/več etažna jama;629;53;234;8-10;1600-1800;8-10;1500-1600;3;2,97;5,00;7,00;;;;0;;;;;;;;;;
B5;2806;Bolterjev zdenc ob Avščku;1,1 - jama stalni izvir;320;0;20;10-12;2000-2600;10-12;2000-2600;0;;;;;;;1;4,90;;;;;;;;;
B5;2815;Strmška jama;5,3 - brezno z jamo, jama z breznom, poševna jama, jama z etažami in brezni/več etažna jama;605;34;62;8-10;1600-1800;8-10;1600-1800;2;1,76;1,80;;;;;0;;;;;;;;;;
B5;2883;Martinska jama pri Markovščini;5,3 - brezno z jamo, jama z breznom, poševna jama, jama z etažami in brezni/več etažna jama;562;120;1004;8-10;1600-1800;10-12;1600-1800;1;2,25;;;;;;0;;;;;;;;;;
B5;2884;Wicherle;5,1 - spodmol, kevderc;420;20;127;8-10;1600-1800;8-10;1600-1800;2;1,76;5,00;;;;;0;;;;;;;;;;
B5;2892;Lisičina v Nartu;5,2 - vodoravna jama;483;11;78;8-10;1800-2000;8-10;1800-2000;1;1,86;;;;;;0;;;;;;;;;;
B5;2903;Čendova jama;2,1 - jama stalni ponor;570;126;1040;8-10;2000-2600;8-10;2000-2600;1;3,60;;;;;;1;6,00;;;;;;;;;
B5;2916;Jama v Trepetličju;5,3-brezno z jamo, jama z breznom, poševna jama, jama z etažami in brezni/več etažna jama;544;28;47;8-10;1800-2000;8-10;1600-1800;2;1,58;2,97;;;;;1;7,50;;;;;;;;;
B5;2932;Pečovska parna;1,2-jama občasni izvir, bruhalnik;530;23;172;6-8;1600-1800;8-10;1600-1800;1;2,97;;;;;;0;;;;;;;;;;
B5;2936;Jama v Lepi dolini;5,3-brezno z jamo, jama z breznom, poševna jama, jama z etažami in brezni/več etažna jama;340;15;43;8-10;1300-1400;8-10;1300-1400;1;2,50;;;;;;1;5,20;;;;;;;;;
B5;3000;Pološka jama;"4,2-jama s stalnim tokom; 5,4-brezno";730;704;10800;6-8;2600-3200;8-10;2600-3200;1;3,32;;;;;;1;5,70;;;;;;;;;
B5;3096;Taborišče;5,4-brezno;510;7;38;8-10;1500-1600;8-10;1400-1500;1;1,76;;;;;;0;;;;;;;;;;
B5;3142;Pavlijeva luknja;5,6-poševno in stopnjasto brezno;595;50;122;8-10;1200-1300;8-10;1200-1300;0;;;;;;;1;3,88;;;;;;;;;
B5;3143;Brezno v Suhem vrhu;5,5-stopnjasto brezno, poševno brezno;544;7;7;8-10;1800-2000;8-10;1600-1800;1;2,97;;;;;;0;;;;;;;;;;
B5;3161;Rauhova jama;4,1-jama z bazeni nakapane vode;606;28;68;8-10;1500-1600;8-10;1400-1500;1;5,0;;;;;;0;;;;;;;;;;
B5;3171;Pavletova jama;5,2-vodoravna jama;665;4;15;8-10;1600-1800;8-10;1600-1800;1;2,97;;;;;;0;;;;;;;;;;
B5;3189;Jama Podrošce;5,3-brezno z jamo, jama z breznom, poševna jama, jama z etažami in brezni/več etažna jama;658;76;417;8-10;1800-2000;8-10;1600-1800;1;1,76;;;;;;0;;;;;;;;;;
B5;3191;Huda luknja pri Radljah;4,2-jama s stalnim tokom;450;12;127;8-10;1200-1300;8-10;1200-1300;0;;;;;;;1;3,88;;;;;;;;;
B5;3192;Ovčje peklo nad Radljami;5,3-brezno z jamo, jama z breznom, poševna jama, jama z etažami in brezni/več etažna jama;520;26;44;8-10;1200-1300;8-10;1200-1300;0;;;;;;;1;3,88;;;;;;;;;
B5;3231;Pečina na Plešivici;5,3-brezno z jamo, jama z breznom, poševna jama, jama z etažami in brezni/več etažna jama;400;40;140;10-12;1500-1600;10-12;1500-1600;1;2,25;;;;;;0;;;;;;;;;;
B5;3271;Spodnja Tomičeva jama;5,3-brezno z jamo, jama z breznom, poševna jama, jama z etažami in brezni/več etažna jama;422;27;155;8-10;1300-1400;8-10;1300-1400;1;2,50;;;;;;1;5,20;;;;;;;;;
B5;3273;Podreška jama;5,1-spodmol, kevderc;315;0;15;8-10;1300-1400;10-12;1300-1400;2;2,50;2,50;;;;;1;5,20;;;;;;;;;
B5;3310;Blatni rov pod južnim vrhom Tisnika;5,2-vodoravna jama;641;20;30;8-10;1300-1400;8-10;1200-1300;1;2,20;;;;;;0;;;;;;;;;;
B5;3311;Jama Školjka;5,2-vodoravna jama;552;5;44;8-10;1300-1400;8-10;1200-1300;1;2,20;;;;;;0;;;;;;;;;;
B6;3313;Lisičja luknja pri Koprivnikarju;5,2 - vodoravna jama;690;3;46;6-8;1300-1400;8-10;1200-1300;1;2,20;;;;;;0;;;;;;;;;;
B6;3352;Brezno nad Podblico;5,3 - brezno z jamo, jama z breznom, poševna jama, jama z etažami in brezni/več etažna jama;850;35;98;6-8;1800-2000;6-8;1600-1800;1;2,50;;;;;;2;5,60;5,70;;;;;;;;
B6;3402;Mrzla jama na Javornikih;6,3 - jama s snegom;960;53;168;6-8;2000-2600;6-8;1800-2000;2;1,76;1,80;;;;;0;;;;;;;;;;
B6;3412;Jama na južnem pobočju Malega Snežnika;5,1 - spodmol, kevderc;1642;10;20;2-4;2600-3200;2-4;2000-2600;1;1,88;;;;;;0;;;;;;;;;;
B6;3413;Snežnica ob Jurjevi cesti;6,6 - brezno s snegom;1055;28;45;4-6;2000-2600;6-8;2000-2600;3;1,88;5,83;6,00;;;;0;;;;;;;;;;
B6;3456;Hlastejeva jama;5,3 - brezno z jamo, jama z breznom, poševna jama, jama z etažami in brezni/več etažna jama;612;20;63;8-10;1400-1500;8-10;1300-1400;1;2,97;;;;;;1;6,50;;;;;;;;;
B6;3457;Brezno pri gamsovi glavici;4,2 - jama s stalnim tokom;1605;817;6000;2-4;2600-3200;2-4;2600-3200;0;;;;;;;1;6,20;;;;;;;;;
B6;3467;Osoletova jama;4,2 - jama s stalnim tokom;650;260;378;8-10;1300-1400;8-10;1300-1400;1;2,50;;;;;;1;5,20;;;;;;;;;
B6;3488;Rdečka jama;5,3 - brezno z jamo, jama z breznom, poševna jama, jama z etažami in brezni/več etažna jama;858;17;67;6-8;1300-1400;6-8;1300-1400;1;2,20;;;;;;0;;;;;;;;;;
B6;3495;Paška jama;5,3 - brezno z jamo, jama z breznom, poševna jama, jama z etažami in brezni/več etažna jama;459;11;51;8-10;1300-1400;8-10;1200-1300;1;2,20;;;;;;0;;;;;;;;;;
B6;3497;Brdajsova jama;5,2 - vodoravna jama;651;6;30;8-10;1300-1400;8-10;1300-1400;0;;;;;;;1;5,20;;;;;;;;;
B6;3520;Neskončno brezno;5,6 - poševno in stopnjasto brezno;740;117;117;6-8;1400-1500;8-10;1400-1500;1;2,97;;;;;;3;4,50;8,50;9,09;;;;;;;
B6;3627;Veluja peč 2;5,2 - vodoravna jama;500;3;27;8-10;1300-1400;8-10;1200-1300;1;2,20;;;;;;0;;;;;;;;;;
B6;3629;Veluja peč 4;5,2 - vodoravna jama;500;1;11;8-10;1300-1400;8-10;1200-1300;1;2,20;;;;;;0;;;;;;;;;;
B6;3827;Brezno 1 nad Jelenjo drago;5,5 - stopnjasto brezno, poševno brezno;1142;25;25;4-6;2000-2600;4-6;2000-2600;2;5,00;5,30;;;;;0;;;;;;;;;;
B6;3854;Jeralovo brezno;5,3 - brezno z jamo, jama z breznom, poševna jama, jama z etažami in brezni/več etažna jama;530;80;300;8-10;1600-1800;8-10;1600-1800;1;3,39;;;;;;2;5,70;5,85;;;;;;;;
B6;3882;Podstenska jama;2,4 - jama občasni ponor ob občasnem toku;556;60;3376;6-8;1500-1600;8-10;1500-1600;1;5,00;;;;;;0;;;;;;;;;;
B6;3883;Spodmol v Risovcu;5,1 - spodmol, kevderc;532;5;8;8-10;1800-2000;8-10;1600-1800;1;1,86;;;;;;0;;;;;;;;;;
B6;3887;Vančeva jama;5,3-brezno z jamo, jama z breznom, poševna jama, jama z etažami in brezni/več etažna jama;571;35;157;8-10;1500-1600;8-10;1500-1600;3;1,76;5,00;7,00;;;;0;;;;;;;;;;
B6;3893;Markov Štangovc;5,3-brezno z jamo, jama z breznom, poševna jama, jama z etažami in brezni/več etažna jama;580;30;99;8-10;1300-1400;8-10;1300-1400;1;2,10;;;;;;1;5,95;;;;;;;;;
B6;3923;Klepčevo brezno;5,6-poševno in stopnjasto brezno;550;67;67;8-10;1600-1800;8-10;1500-1600;2;5,00;7,00;;;;;0;;;;;;;;;;
B6;4028;S 13 (Kanin);5,3-brezno z jamo, jama z breznom, poševna jama, jama z etažami in brezni/več etažna jama;2100;66;126;0-2;3200-4000;2-4;3200-4000;0;;;;;;;1;5,90;;;;;;;;;
B6;4082;Jama v Suhi rebri;5,3-brezno z jamo, jama z breznom, poševna jama, jama z etažami in brezni/več etažna jama;815;84;425;6-8;2000-2600;6-8;1800-2000;1;1,88;;;;;;0;;;;;;;;;;
B6;4209;Brlog na Rimskem;4,2-jama s stalnim tokom;554;35;401;8-10;1600-1800;8-10;1500-1600;1;5,00;;;;;;0;;;;;;;;;;
B6;4210;Remergrund 1;4,2-jama s stalnim tokom;500;39;204;8-10;1500-1600;8-10;1500-1600;1;7,00;;;;;;0;;;;;;;;;;
B6;4246;Jama na Prevalci;4,1-jama z bazeni nakapane vode;632;19;69;8-10;1600-1800;8-10;1600-1800;1;2,97;;;;;;0;;;;;;;;;;
B6;4247;Končanova jama;5,3-brezno z jamo, jama z breznom, poševna jama, jama z etažami in brezni/več etažna jama;659;0;0;8-10;1600-1800;8-10;1600-1800;1;2,97;;;;;;0;;;;;;;;;;
B6;4272;Brezno 1 pri Barki;5.6-poševno in stopnjasto brezno;1145;28;45;4-6;2000-2600;4-6;1800-2000;1;2,97;;;;;;0;;;;;;;;;;
B6;4296;Brezno pri Stanišču;6,4-brezno s stalnim ledom;1291;54;74;4-6;2600-3200;4-6;2000-2600;1;5,83;;;;;;0;;;;;;;;;;
B6;4380;Jama pri Pruhu;5,2-vodoravna jama;295;6;107;8-10;1100-1200;10-12;1000-1100;0;;;;;;;1;4,00;;;;;;;;;
B6;4425;Žegnana jama;5,3 - brezno z jamo , jama z breznom, poševna jama, jama z etažami in brezni/več etažna jama;510;32;90;8-10;1400-1500;8-10;1400-1500;0;;;;;;;1;7,05;;;;;;;;;
B6;4446;Brezno v konti južno od Mangartske koče;6,6-brezno s snegom;1800;16;16;2-4;2600-3200;2-4;2600-3200;0;;;;;;;1;6,10;;;;;;;;;
B6;4451;Jama v Malenščah;1,2-jama občasni izvir, bruhalnik;680;2;60;8-10;2600-3200;8-10;2000-2600;1;3,32;;;;;;2;6,15;6,43;;;;;;;;
B6;4462;Spodmol v Brezovcu;5,1-spodmol, kevderc;1280;3;10;4-6;2000-2600;4-6;2000-2600;1;2,50;;;;;;2;5,70;6,30;;;;;;;;
B6;4463;Jama v Bihki;5,3-brezno z jamo, jama z breznom, poševna jama, jama z etažami in brezni/več etažna jama;1295;58;250;4-6;2000-2600;4-6;2000-2600;1;2,50;;;;;;2;5,60;6,30;;;;;;;;
B7;4477;Jama v Fonžlohtu;5,2 - vodoravna jama;1380;6;28;4-6;2600-3200;4-6;2000-2600;2;2,50;3,65;;;;;0;;;;;;;;;;
B7;4478;Jama v Plajžanu;5,3 - brezno z jamo, jama z breznom, poševna jama, jama z etažami in brezni/več etažna jama;1520;10;16;4-6;2600-3200;4-6;2000-2600;1;2,50;;;;;;0;;;;;;;;;;
B7;4483;Brezno pri Leški planini;4,3 - jama z občasnim tokom;1161;536;4019;4-6;2000-2600;4-6;1800-2000;1;2,50;;;;;;1;5,70;;;;;;;;;
B7;4500;Brezno presenečenj;4,3 - jama z občasnim tokom, 5,4 - brezno;993;472;950;6-8;1500-1600;6-8;1500-1600;1;2,97;;;;;;2;8,00;8,50;;;;;;;;
B7;4613;Kristanova jama;5,6 - poševno in stopnjasto brezno;605;17;32;8-10;1300-1400;8-10;1300-1400;0;;;;;;;1;5,20;;;;;;;;;
B7;4618;Štravsova luknja;1,1 - jama stalni izvir;425;18;170;8-10;1200-1300;8-10;1200-1300;1;2,20;;;;;;0;;;;;;;;;;
B7;4709;Brezno ob novi cesti na severovzhodnem vznožju Črnega vrha;5,5 - stopnjasto brezno, poševno brezno;1330;16;17;4-6;2000-2600;4-6;2000-2600;2;2,50;3,65;;;;;2;5,70;6,30;;;;;;;;
B7;4713;Jama na Špiku;5,3 - brezno z jamo, jama z breznom, poševna jama, jama z etažami in brezni/več etažna jama;800;20;78;6-8;1800-2000;8-10;1600-1800;1;2,97;;;;;;1;6,00;;;;;;;;;
B7;4768;Kapniška jama v Drvodelniku;5,3 - brezno z jamo, jama z breznom, poševna jama, jama z etažami in brezni/več etažna jama;455;32;80;8-10;1400-1500;8-10;1300-1400;1;1,76;;;;;;0;;;;;;;;;;
B7;5058;Kamniška jama;5,4 - brezno;1400;226;1570;4-6;2000-2600;4-6;2000-2600;1;2,97;;;;;;5;5,26;5,73;6,34;10,00;11,00;;;;;
B7;5237;Lekšanova Mrzla jama;5,6 - poševno in stopnjasto brezno;1007;28;35;6-8;2000-2600;6-8;1800-2000;1;2,57;;;;;;0;;;;;;;;;;
B7;5849;Jama Kreščak;4,3 - jama z občasnim tokom, 5,2 - vodoravna jama;293;38;1279;8-10;1200-1300;10-12;1100-1200;1;1,99;;;;;;0;;;;;;;;;;
B7;6000;Skalarjevo brezno;4,2 - jama s stalnim tokom, 5,4 - brezno;2328;911;4765;0-2;3200-4000;0-2;3200-4000;0;;;;;;;1;5,90;;;;;;;;;
B7;6258;Jama sv. Loja;5,3 - brezno z jamo, jama z breznom, poševna jama, jama z etažami in brezni/več etažna jama;1056;41;210;6-8;2000-2600;6-8;1800-2000;1;5,00;;;;;;0;;;;;;;;;;
B7;6640;Močilnik;5,2 - vodoravna jama;427;6;50;8-10;1600-1800;8-10;1600-1800;1;2,69;;;;;;0;;;;;;;;;;
B7;6654;Felajeva luknja 1;5,6 - poševno in stopnjasto brezno;990;42;42;6-8;2000-2600;6-8;1800-2000;1;2,57;;;;;;0;;;;;;;;;;
B7;6759;Veliki Mižuk;2,2 - jama občasni ponor;470;33;164;8-10;1600-1800;8-10;1600-1800;1;5,00;;;;;;0;;;;;;;;;;
B7;6908;Jama na Pucovem Kuclu;5,2 - vodoravna jama;620;11;80;8-10;2000-2600;8-10;1800-2000;1;2,97;;;;;;3;5,95;6,00;6,60;;;;;;;
B7;6924;Izvir Bilpa;1,1 - jama stalni izvir;198;41;1180;8-10;1600-1800;10-12;1600-1800;1;5,00;;;;;;0;;;;;;;;;;
B7;7053;Kosmatula;5,3 - brezno z jamo, jama z breznom, poševna jama, jama z etažami in brezni/več etažna jama;1610;26;74;2-4;2000-2600;4-6;2000-2600;0;;;;;;;1;5,60;;;;;;;;;
B7;7190;Obcestna jama;5,3 - brezno z jamo, jama z breznom, poševna jama, jama z etažami in brezni/več etažna jama;1265;10;15;4-6;2000-2600;4-6;2000-2600;1;2,50;;;;;;1;6,30;;;;;;;;;
B7;7274;Majganica;5,6 - poševno in stopnjasto brezno;300;29;31;8-10;1600-1800;8-10;1600-1800;1;3,05;;;;;;2;5,75;6,60;;;;;;;;
B7;7367;Jama Zvirče;5,3 - brezno z jamo, jama z breznom, poševna jama, jama z etažami in brezni/več etažna jama;470;52;184;8-10;1400-1500;8-10;1400-1500;1;1,76;;;;;;0;;;;;;;;;;
B7;7400;Mravljetovo brezno v Gošarjevih rupah;5,3 - brezno z jamo, jama z breznom, poševna jama, jama z etažami in brezni/več etažna jama;612;74;772;8-10;1800-2000;8-10;1800-2000;1;2,97;;;;;;2;6,00;6,60;;;;;;;;
B7;7401;Klomsko brezno;5,6 - poševno in stopnjasto brezno;1505;384;499;2-4;2000-2600;2-4;2000-2600;1;2,50;;;;;;1;6,30;;;;;;;;;
B7;7728;Volavfov keuder;5,3 - brezno z jamo, jama z breznom, poševna jama, jama z etažami in brezni/več etažna jama;380;13;33;8-10;1300-1400;8-10;1300-1400;1;2,50;;;;;;1;5,20;;;;;;;;;
B7;7729;Jama pod svetim Andrejem;1,2 - jama občasni izvir, bruhalnik;320;10;191;8-10;1300-1400;8-10;1300-1400;1;2,10;;;;;;0;;;;;;;;;;
B7;7937;Bela griža 1;5,6 - poševno in stopnjasto brezno;1190;884;2054;6-8;2600-3200;6-8;2600-3200;1;5,83;;;;;;0;;;;;;;;;;
B7;8050;Prisankova jama;5,3 - brezno z jamo, jama z breznom, poševna jama, jama z etažami in brezni/več etažna jama;2390;102;224;0-2;2600-3200;0-2;2600-3200;1;3,25;;;;;;1;6,10;;;;;;;;;
B7;8052;Maužarjeva jama;5,3 - brezno z jamo, jama z breznom, poševna jama, jama z etažami in brezni/več etažna jama;905;17;35;6-8;1800-2000;6-8;1600-1800;1;3,05;;;;;;0;;;;;;;;;;
B7;9500;Čaganka;5,3 - brezno z jamo, jama z breznom, poševna jama, jama z etažami in brezni/več etažna jama;690;448;1800;8-10;1500-1600;8-10;1500-1600;1;5,00;;;;;;0;;;;;;;;;;
B7;9834;Brezno treh src;5,6 - poševno in stopnjasto brezno;1260;606;715;4-6;2000-2600;4-6;2000-2600;2;5,00;5,30;;;;;0;;;;;;;;;;
B7;10032;Jama jugozahodno od Mašuna;5,5 - stopnjasto brezno, poševno brezno;990;16;22;6-8;2000-2600;6-8;1800-2000;1;2,57;;;;;;0;;;;;;;;;;
B7;10360;Ušiva jama;5,2 - vodoravna jama;575;1;10;6-8;1600-1800;6-8;1500-1600;1;2,97;;;;;;0;;;;;;;;;;
B7;11518;Dobra nada;5,6 - poševno in stopnjasto brezno;1360;300;1112;4-6;2600-3200;4-6;2600-3200;1;5,38;;;;;;0;;;;;;;;;;
